kernel,size,config,source,paired_measurements,sycl_time_ms,cuda_time_ms,efficiency_pct,median_efficiency_pct,std_efficiency_pct,ci95_efficiency_pct,campaigns,efficiency_ci95_low,efficiency_ci95_high,comparability_status,plot_eligible
matmul,1024,default,20-pair validation,200,3.466521587371826,0.44182559847831726,12.827421339913633,12.960637382446723,1.4575752446852315,0.8526235446256276,10,11.966786553725543,13.672033642976798,validation_campaign_bootstrap,True
matmul,1024,random,20-pair validation,200,3.137838076353073,0.40098864063620565,12.926182566407943,12.38485822156844,2.0745266860650857,1.2262827381626993,10,11.769978415856047,14.222543892181445,validation_campaign_bootstrap,True
matmul,1024,cuda_default_random_sycl,CUDA defecto / SYCL random validación emparejada,200,3.137838076353073,0.44209583938121794,14.299470334850502,14.663898735913556,2.1161780037367226,1.2398433917417595,10,13.050450817543666,15.530137601027185,paired_validation_campaign_bootstrap,True
matmul,1024,bayesian,20-pair validation,200,3.1535769474506377,0.447422239035368,14.21348184218984,13.801679281552449,0.8660325564589336,0.496288971824435,10,13.757076923196221,14.749654866845091,validation_campaign_bootstrap,True
matmul,1024,cuda_default_bayesian_sycl,CUDA defecto / SYCL bayesian validación emparejada,200,3.1535769474506377,0.44182559847831726,14.14805360201829,13.71621644253754,1.941517427202365,1.149963901302951,10,13.020314039495904,15.320241842101806,paired_validation_campaign_bootstrap,True
matmul,1024,grid_optimum,grid screening only; not comparable to validation,3,3.1546026865641275,0.31989333033561707,10.284175678146253,10.98861238668854,1.4124701731158038,nan,0,nan,nan,screening_not_comparable,False
matmul,1024,cuda_default_sycl_grid,CUDA defecto validado / óptimo SYCL de rejilla (cribado),200,2.9112319946289062,0.44182559847831726,15.176585009146159,14.767136341546749,1.2846915146135338,0.7463591456089924,10,14.458670797605473,15.951389088823458,cuda_validation_campaign_bootstrap_grid_screening_uncertainty_not_included,True
matmul,2048,default,20-pair validation,200,8.595015654563904,3.361075038909912,39.21964217642066,39.61480673817524,4.738063005496333,2.793804801983214,10,36.33805066953273,41.925660273499155,validation_campaign_bootstrap,True
matmul,2048,random,20-pair validation,200,5.682734074592591,3.0498329520225527,53.77861742939956,50.71265210706208,7.6730933801632775,4.460646155966696,10,49.4459979936825,58.36729030561589,validation_campaign_bootstrap,True
matmul,2048,cuda_default_random_sycl,CUDA defecto / SYCL random validación emparejada,200,5.682734074592591,3.3545731103420255,59.32313607704928,60.310090264430784,6.909688863604713,4.0762477502894185,10,55.287907512402064,63.4404030129809,paired_validation_campaign_bootstrap,True
matmul,2048,bayesian,20-pair validation,200,5.658086383342743,2.878803998231888,51.04479241303513,47.98326502098307,8.131332826269206,4.721577355446733,10,46.664509475580225,56.10766418647369,validation_campaign_bootstrap,True
matmul,2048,cuda_default_bayesian_sycl,CUDA defecto / SYCL bayesian validación emparejada,200,5.658086383342743,3.361075038909912,59.70703932848197,60.541772479167875,7.424751772991967,4.32001219307811,10,55.21134742262044,63.85137180877666,paired_validation_campaign_bootstrap,True
matmul,2048,grid_optimum,grid screening only; not comparable to validation,3,5.384191989898682,2.10425599416097,39.1913924146009,40.122048499087164,2.4678990835734296,nan,0,nan,nan,screening_not_comparable,False
matmul,2048,cuda_default_sycl_grid,CUDA defecto validado / óptimo SYCL de rejilla (cribado),200,5.249023914337158,3.361075038909912,64.0323819011281,67.59188884521359,6.5878072881924545,3.9067929644424133,10,60.09327849579592,67.90686442468075,cuda_validation_campaign_bootstrap_grid_screening_uncertainty_not_included,True
matmul,4096,default,20-pair validation,200,47.3079807472229,32.70363052368164,69.13092496157755,69.19839130405109,0.4838243213178188,0.2849160289843766,10,68.87713434804309,69.44696640601184,validation_campaign_bootstrap,True
matmul,4096,random,20-pair validation,200,22.533391342163085,22.36716736793518,99.37254555962656,98.48994060170067,12.334996494795423,7.225864384305154,10,92.40033988956812,106.85206865817842,validation_campaign_bootstrap,True
matmul,4096,cuda_default_random_sycl,CUDA defecto / SYCL random validación emparejada,200,22.533391342163085,32.75896064758301,145.44022032061278,144.87138494853681,3.274309547132575,1.9227152451859553,10,143.54689727402277,147.39232776439468,paired_validation_campaign_bootstrap,True
matmul,4096,bayesian,20-pair validation,200,22.930155439376833,22.90566650867462,100.0094737713804,92.90226619016194,20.369167978466365,11.926875953614925,10,89.0064930545845,112.86024496181435,validation_campaign_bootstrap,True
matmul,4096,cuda_default_bayesian_sycl,CUDA defecto / SYCL bayesian validación emparejada,200,22.930155439376833,32.70363052368164,142.74342976961708,143.68228820331575,4.236071327199212,2.4626082430727365,10,140.0168589103453,144.94207539649076,paired_validation_campaign_bootstrap,True
matmul,4096,grid_optimum,grid screening only; not comparable to validation,3,21.961727778116863,16.855690638224285,76.7651239354257,76.7612670609238,1.3216523008428434,nan,0,nan,nan,screening_not_comparable,False
matmul,4096,cuda_default_sycl_grid,CUDA defecto validado / óptimo SYCL de rejilla (cribado),200,21.951488494873047,32.70363052368164,148.98138015251152,149.3466422774301,0.6492812002500655,0.3829909860210705,10,148.57966801046703,149.34564998250917,cuda_validation_campaign_bootstrap_grid_screening_uncertainty_not_included,True
stencil,1024,default,20-pair validation,200,16.262743763923645,5.71057246208191,35.34783428489768,33.47362573158381,8.227922183514123,4.794833488951534,10,30.65833689553188,40.248003873434946,validation_campaign_bootstrap,True
stencil,1024,random,20-pair validation,200,16.133754324913024,5.724403207302093,35.57866620715874,35.47173385867036,4.620575693396722,2.7135861755573707,10,32.79769460700177,38.224866958116515,validation_campaign_bootstrap,True
stencil,1024,cuda_default_random_sycl,CUDA defecto / SYCL random validación emparejada,200,16.133754324913024,6.037798397541046,37.63979159774769,37.687106429849294,5.231054037105042,3.09064218652642,10,34.60081475234245,40.78209912539529,paired_validation_campaign_bootstrap,True
stencil,1024,bayesian,20-pair validation,200,16.158680458068847,5.593282866477966,34.666787890762556,35.20209151334601,4.988356535113475,2.894142209237792,10,31.7548559490415,37.54314036751708,validation_campaign_bootstrap,True
stencil,1024,cuda_default_bayesian_sycl,CUDA defecto / SYCL bayesian validación emparejada,200,16.158680458068847,5.71057246208191,35.86651970512875,35.60242981184482,9.25897515646029,5.399122594255047,10,30.64200435571579,41.440249544225885,paired_validation_campaign_bootstrap,True
stencil,1024,grid_optimum,grid screening only; not comparable to validation,3,13.47539202372233,5.084810574849446,37.76951232355308,38.54292270245638,1.3813722061281588,nan,0,nan,nan,screening_not_comparable,False
stencil,1024,cuda_default_sycl_grid,CUDA defecto validado / óptimo SYCL de rejilla (cribado),200,13.17955207824707,5.71057246208191,43.32903294571933,41.37296295334174,8.828628199494657,5.178919665684184,10,38.32793677995323,48.685776111321594,cuda_validation_campaign_bootstrap_grid_screening_uncertainty_not_included,True
stencil,2048,default,20-pair validation,200,35.85129503250122,18.725577936172485,52.22627609278297,52.40591150785342,2.0720054155457808,1.206317204472363,10,51.037177019123085,53.44981142806781,validation_campaign_bootstrap,True
stencil,2048,random,20-pair validation,200,32.72833219528198,18.985193700790404,58.028012833539265,56.838878922569776,4.979023461348187,2.897696121614249,10,55.375026200183946,61.170418443412444,validation_campaign_bootstrap,True
stencil,2048,cuda_default_random_sycl,CUDA defecto / SYCL random validación emparejada,200,32.72833219528198,18.836834564208985,57.56607808503709,57.778764446799556,1.8911702975232427,1.12264985119403,10,56.39586885832111,58.64116856070917,paired_validation_campaign_bootstrap,True
stencil,2048,bayesian,20-pair validation,200,33.0946249961853,17.732629861831665,53.54680676753216,52.95457239096601,2.892803700648353,1.7102869198490112,10,51.84664667338378,55.2672205130818,validation_campaign_bootstrap,True
stencil,2048,cuda_default_bayesian_sycl,CUDA defecto / SYCL bayesian validación emparejada,200,33.0946249961853,18.725577936172485,56.572663820710275,56.98895300082705,1.8625161974652218,1.0777663602503225,10,55.43973502725758,57.59526774775823,paired_validation_campaign_bootstrap,True
stencil,2048,grid_optimum,grid screening only; not comparable to validation,3,26.679285685221355,14.8002560933431,55.54289656914616,51.60567344354387,7.17224623772122,nan,0,nan,nan,screening_not_comparable,False
stencil,2048,cuda_default_sycl_grid,CUDA defecto validado / óptimo SYCL de rejilla (cribado),200,26.803936004638672,18.725577936172485,69.86129922460586,70.64405760997914,3.027321984709149,1.7722182234169281,10,68.03278187949716,71.57721832633102,cuda_validation_campaign_bootstrap_grid_screening_uncertainty_not_included,True
stencil,4096,default,20-pair validation,200,90.03110584259034,71.18260330200195,79.08469233458302,79.0077253703073,1.4275597397349498,0.8336435576458143,10,78.30832465590329,79.97561177119492,validation_campaign_bootstrap,True
stencil,4096,random,20-pair validation,200,86.71448314666748,69.6532515335083,80.35272900514212,80.79866205705324,2.3836642224675795,1.384056168964662,10,78.97379798485875,81.74191032278807,validation_campaign_bootstrap,True
stencil,4096,cuda_default_random_sycl,CUDA defecto / SYCL random validación emparejada,200,86.71448314666748,71.2785897064209,82.23730481662679,82.57326557238437,1.896290616273436,1.1082460488893275,10,81.06706902503856,83.28356112281722,paired_validation_campaign_bootstrap,True
stencil,4096,bayesian,20-pair validation,200,86.85317134857178,69.21416938781738,79.8036792344766,79.4738305294855,3.915404946029236,2.2822254482199753,10,77.5499801153217,82.11443101176165,validation_campaign_bootstrap,True
stencil,4096,cuda_default_bayesian_sycl,CUDA defecto / SYCL bayesian validación emparejada,200,86.85317134857178,71.18260330200195,82.09899771114254,82.87610944300535,3.558709946302949,2.0613840690306944,10,79.87054955754782,83.9933176956092,paired_validation_campaign_bootstrap,True
stencil,4096,grid_optimum,grid screening only; not comparable to validation,3,83.20750935872395,62.22944005330404,75.9434003420593,81.52518072047098,11.034489372745611,nan,0,nan,nan,screening_not_comparable,False
stencil,4096,cuda_default_sycl_grid,CUDA defecto validado / óptimo SYCL de rejilla (cribado),200,76.32857513427734,71.18260330200195,93.2581319339152,93.34065117843011,0.38132263839687003,0.22177402864340223,10,93.02230497577149,93.4658530330583,cuda_validation_campaign_bootstrap_grid_screening_uncertainty_not_included,True
