kernel,backend,size,metric,bayesian_campaigns,random_campaigns,overlapping_run_idx_count,overlapping_run_indices,bayesian_mean_regret_pct,random_mean_regret_pct,mean_difference_bo_minus_rs_pp,difference_ci95_low_pp,difference_ci95_high_pp,difference_ci90_low_pp,difference_ci90_high_pp,difference_p_value,difference_holm_p_value,mann_whitney_p_value,permutation_p_value,permutation_holm_p_value,cliffs_delta,tost_margin_pp,tost_lower_p_value,tost_upper_p_value,tost_p_value,tost_holm_p_value,difference_conclusion,equivalence_conclusion
matmul,cuda,1024,best_visited_configuration,10,10,10,0;1;2;3;4;5;6;7;8;9,16.529958412352595,9.33479979918386,7.195158613168735,-2.820034803138462,17.21035202947593,-1.0690170256717302,15.4593342520092,0.14840680303849524,1.0,0.11898205631828397,0.1563843615638436,1.0,0.42,5.0,0.00989857900003758,0.6747933994399276,0.6747933994399276,1.0,no_difference_detected,not_equivalent_or_inconclusive
matmul,cuda,1024,observed_time_selected_configuration,10,10,10,0;1;2;3;4;5;6;7;8;9,21.837550587156173,14.212263851688203,7.62528673546797,-5.13196641683518,20.38253988777112,-2.9030731797938465,18.153646650729787,0.22514817696082068,1.0,0.1979195112877884,0.22917708229177083,1.0,0.35,5.0,0.02608460542101282,0.6647444213872875,0.6647444213872875,1.0,no_difference_detected,not_equivalent_or_inconclusive
matmul,cuda,2048,best_visited_configuration,10,10,10,0;1;2;3;4;5;6;7;8;9,21.931535894234425,22.028478465112187,-0.09694257087776137,-15.977506751553024,15.783621609797502,-13.201061380637013,13.00717623888149,0.9898997760245838,1.0,0.9391463874401667,0.9902009799020098,1.0,0.03,5.0,0.2622186318600905,0.25418380713024935,0.2622186318600905,1.0,no_difference_detected,not_equivalent_or_inconclusive
matmul,cuda,2048,observed_time_selected_configuration,10,10,10,0;1;2;3;4;5;6;7;8;9,32.668473547341634,24.029755228838784,8.63871831850285,-11.877083671481152,29.154520308486852,-8.259106349103234,25.536542986108934,0.3854018283438221,1.0,0.3801577948669226,0.3838616138386161,1.0,0.24,5.0,0.08898021766500032,0.6440249094257176,0.6440249094257176,1.0,no_difference_detected,not_equivalent_or_inconclusive
matmul,cuda,4096,best_visited_configuration,10,10,10,0;1;2;3;4;5;6;7;8;9,24.35803058526803,17.337574760328927,7.020455824939102,-8.547585773655088,22.58849742353329,-5.793308858903842,19.834220508782046,0.35259485737351903,1.0,0.6465325492478102,0.3635636436356364,1.0,0.13,5.0,0.060462415265614355,0.6068277348751167,0.6068277348751167,1.0,no_difference_detected,not_equivalent_or_inconclusive
matmul,cuda,4096,observed_time_selected_configuration,10,10,10,0;1;2;3;4;5;6;7;8;9,27.466414585057958,21.041815078129225,6.4245995069287325,-12.040753151277325,24.88995216513479,-8.81570631859277,21.664905332450235,0.4741523694527351,1.0,0.5930651671243912,0.46795320467953205,1.0,0.15,5.0,0.105007443699723,0.5634871068181854,0.5634871068181854,1.0,no_difference_detected,not_equivalent_or_inconclusive
matmul,sycl,1024,best_visited_configuration,10,10,10,0;1;2;3;4;5;6;7;8;9,4.628912341023269,3.5525845102350484,1.0763278307882205,-2.882889181951864,5.035544843528305,-2.1898958642241793,4.34255152580062,0.5743852974035404,1.0,0.7600834988915559,0.5836416358364164,1.0,0.09,5.0,0.002383914296982211,0.025936684530782607,0.025936684530782607,0.5484156301119868,no_difference_detected,not_equivalent_or_inconclusive
matmul,sycl,1024,observed_time_selected_configuration,10,10,10,0;1;2;3;4;5;6;7;8;9,14.80478423978133,12.20893385021791,2.59585038956342,-4.023267679554522,9.214968458681362,-2.862598221506877,8.054299000633717,0.41964579093508814,1.0,0.6772412568365533,0.4296570342965703,1.0,0.12,5.0,0.013464682985417278,0.22709078816815675,0.22709078816815675,1.0,no_difference_detected,not_equivalent_or_inconclusive
matmul,sycl,2048,best_visited_configuration,10,10,10,0;1;2;3;4;5;6;7;8;9,3.3086225192021694,2.5477968252364804,0.760825693965689,-2.3429980353436917,3.8646494232750697,-1.800987144859775,3.322638532791153,0.6128150605432463,1.0,0.5666375959825143,0.6098390160983902,1.0,0.16,5.0,0.0005257350601214938,0.005099032125138956,0.005099032125138956,0.117277738878196,no_difference_detected,not_equivalent_or_inconclusive
matmul,sycl,2048,observed_time_selected_configuration,10,10,10,0;1;2;3;4;5;6;7;8;9,6.3265710095774885,5.1580191535229725,1.168551856054516,-3.439133825386542,5.776237537495574,-2.623161829841596,4.960265541950628,0.597347245303271,1.0,0.23954704214502698,0.6119388061193881,1.0,0.32,5.0,0.005998420608882853,0.048396497438037374,0.048396497438037374,0.9195334513227101,no_difference_detected,not_equivalent_or_inconclusive
matmul,sycl,4096,best_visited_configuration,10,10,10,0;1;2;3;4;5;6;7;8;9,5.321637111863495,2.2069299052159796,3.1147072066475157,-0.8368518045983353,7.066266217893366,-0.1286223474367314,6.358036760731762,0.11284941205085636,1.0,0.1578494245332448,0.10628937106289371,1.0,0.38,5.0,0.000310190697624076,0.16146177189868327,0.16146177189868327,1.0,no_difference_detected,not_equivalent_or_inconclusive
matmul,sycl,4096,observed_time_selected_configuration,10,10,10,0;1;2;3;4;5;6;7;8;9,5.654706243914493,2.371598958788599,3.2831072851258942,-0.7244938024924852,7.290708372744273,-0.011688583122633656,6.577903153374422,0.10110212417830326,1.0,0.11757655573986359,0.0953904609539046,1.0,0.42,5.0,0.0002629429813076871,0.18756102945884073,0.18756102945884073,1.0,no_difference_detected,not_equivalent_or_inconclusive
stencil,cuda,1024,best_visited_configuration,10,10,10,0;1;2;3;4;5;6;7;8;9,14.435231358430954,15.688779198132446,-1.2535478397014916,-10.982491367013946,8.475395687610963,-9.283282726139836,6.776187046736853,0.789672942580898,1.0,0.7295909186928846,0.7832216778322167,1.0,-0.1,5.0,0.21450305128508224,0.09678952700852264,0.21450305128508224,1.0,no_difference_detected,not_equivalent_or_inconclusive
stencil,cuda,1024,observed_time_selected_configuration,10,10,10,0;1;2;3;4;5;6;7;8;9,19.249343964898962,22.155579931279217,-2.9062359663802546,-17.367885258091718,11.555413325331209,-14.796317264935826,8.983845332175317,0.6741547166130762,1.0,0.24043567524522824,0.7010298970102989,1.0,-0.32,5.0,0.3808083040778052,0.13087342309588168,0.3808083040778052,1.0,no_difference_detected,not_equivalent_or_inconclusive
stencil,cuda,2048,best_visited_configuration,10,10,10,0;1;2;3;4;5;6;7;8;9,15.529068952926421,11.69124930916905,3.8378196437573706,-10.144158087812706,17.819797375327447,-7.6803580751016245,15.355997362616366,0.5690671135129917,1.0,0.7331503112076126,0.5846415358464153,1.0,0.1,5.0,0.0995981191829151,0.43123101337471925,0.43123101337471925,1.0,no_difference_detected,not_equivalent_or_inconclusive
stencil,cuda,2048,observed_time_selected_configuration,10,10,10,0;1;2;3;4;5;6;7;8;9,31.825680047919676,53.03407092751708,-21.208390879597403,-52.45899833705172,10.042216577856912,-47.000824360771496,4.584042601576691,0.17100389480856654,1.0,0.12080465007656893,0.16378362163783622,1.0,-0.42,5.0,0.8549089216061525,0.04751961198067486,0.8549089216061525,1.0,no_difference_detected,not_equivalent_or_inconclusive
stencil,cuda,4096,best_visited_configuration,10,10,10,0;1;2;3;4;5;6;7;8;9,8.055102986757895,7.831433157412348,0.22366982934554702,-4.549280913828543,4.996620572519637,-3.7091331321198098,4.156472790810904,0.9222270728535903,1.0,0.9697817710518929,0.9253074692530747,1.0,-0.02,5.0,0.01691648808461651,0.024927983186908493,0.024927983186908493,0.5484156301119868,no_difference_detected,not_equivalent_or_inconclusive
stencil,cuda,4096,observed_time_selected_configuration,10,10,10,0;1;2;3;4;5;6;7;8;9,15.77367256652087,8.598580334747039,7.1750922317738315,0.6407203494870259,13.709464114060637,1.7820152024677016,12.568169261079962,0.03316480000834634,0.7959552002003121,0.0339562466732981,0.033596640335966405,0.8063193680631937,0.57,5.0,0.0005094952797923216,0.7533903607701103,0.7533903607701103,1.0,no_difference_detected,not_equivalent_or_inconclusive
stencil,sycl,1024,best_visited_configuration,10,10,10,0;1;2;3;4;5;6;7;8;9,11.142711430196846,7.372604535447137,3.7701068947497083,-0.4798788296530416,8.020092619152457,0.26380831151936635,7.276405477980051,0.07867971600341465,1.0,0.09455069810237855,0.0786921307869213,1.0,0.45,5.0,0.00020643510076953167,0.2751332204529865,0.2751332204529865,1.0,no_difference_detected,not_equivalent_or_inconclusive
stencil,sycl,1024,observed_time_selected_configuration,10,10,10,0;1;2;3;4;5;6;7;8;9,22.447755612578568,20.55370201020828,1.8940536023702883,-7.6877749679187755,11.475882172659352,-6.012654971852412,9.80076217659299,0.6826020681357842,1.0,0.9095864090443472,0.6802319768023197,1.0,0.04,5.0,0.07392443168739013,0.2521123026232151,0.2521123026232151,1.0,no_difference_detected,not_equivalent_or_inconclusive
stencil,sycl,2048,best_visited_configuration,10,10,10,0;1;2;3;4;5;6;7;8;9,6.721327188777442,5.938057844235479,0.7832693445419627,-3.974433938398181,5.540972627482106,-3.1436513284831995,4.710190017567125,0.733443053133547,1.0,0.676203530099396,0.7281271872812719,1.0,0.12,5.0,0.00997049890133931,0.039502849030059954,0.039502849030059954,0.7900569806011991,no_difference_detected,not_equivalent_or_inconclusive
stencil,sycl,2048,observed_time_selected_configuration,10,10,10,0;1;2;3;4;5;6;7;8;9,16.159768083386147,13.785211565773015,2.374556517613133,-8.437010466631932,13.186123501858198,-6.5486718522040785,11.297784887430344,0.6499680960792076,1.0,0.6489134622152116,0.6405359464053595,1.0,0.13,5.0,0.08447689608270822,0.3080349236033949,0.3080349236033949,1.0,no_difference_detected,not_equivalent_or_inconclusive
stencil,sycl,4096,best_visited_configuration,10,10,10,0;1;2;3;4;5;6;7;8;9,4.7762850442184295,4.574187776168397,0.20209726805003214,-2.0528790848661584,2.4570736209662227,-1.6591008212952658,2.0632953573953303,0.8527505315879454,1.0,0.7047152953787039,0.8461153884611539,1.0,0.11,5.0,6.483033265226319e-05,0.00014807181360514417,0.00014807181360514417,0.00355372352652346,no_difference_detected,equivalent
stencil,sycl,4096,observed_time_selected_configuration,10,10,10,0;1;2;3;4;5;6;7;8;9,20.260651690197818,12.956399090452841,7.304252599744977,-5.652426277868214,20.26093147735817,-3.3860045729883304,17.994509772478285,0.2512945705948024,1.0,0.1850486951850323,0.24687531246875313,1.0,0.36,5.0,0.030683453525695223,0.6436407024149606,0.6436407024149606,1.0,no_difference_detected,not_equivalent_or_inconclusive
