kernel,backend,size,algorithm,run_idx,grid_complete,evaluations_with_grid_match,distinct_configurations_visited,repeated_evaluations,default_is_first_evaluation,design_note,best_visited_config_by_grid,best_visited_config_regret_pct,observed_selected_config,observed_selected_grid_time_ms,observed_selected_regret_pct
matmul,sycl,1024,bayesian,0,True,15,11,4,True,"El defecto se evalúa primero; por diseño, el mejor resultado observado no puede empeorarlo.",64_32_32_4_1,7.8790037370833454,64_32_32_4_1,3.140608072280884,7.8790037370833454
matmul,sycl,1024,bayesian,1,True,15,12,3,True,"El defecto se evalúa primero; por diseño, el mejor resultado observado no puede empeorarlo.",32_128_8_4_2,4.4671134700102995,128_64_32_4_4,3.8451199531555176,32.07878864513694
matmul,sycl,1024,bayesian,2,True,15,13,2,True,"El defecto se evalúa primero; por diseño, el mejor resultado observado no puede empeorarlo.",32_128_16_4_2,0.0,32_64_16_4_2,3.299328088760376,13.330991650527668
matmul,sycl,1024,bayesian,3,True,15,12,3,True,"El defecto se evalúa primero; por diseño, el mejor resultado observado no puede empeorarlo.",64_64_32_4_2,0.7034794054211295,64_32_32_4_1,3.140608072280884,7.8790037370833454
matmul,sycl,1024,bayesian,4,True,15,13,2,True,"El defecto se evalúa primero; por diseño, el mejor resultado observado no puede empeorarlo.",32_32_8_2_4,0.9145256839308037,128_32_32_4_4,3.2481279373168945,11.572280852558169
matmul,sycl,1024,bayesian,5,True,15,10,5,True,"El defecto se evalúa primero; por diseño, el mejor resultado observado no puede empeorarlo.",64_64_8_4_2,9.039750079275436,64_32_32_4_2,3.5082240104675293,20.506507792578766
matmul,sycl,1024,bayesian,6,True,15,12,3,True,"El defecto se evalúa primero; por diseño, el mejor resultado observado no puede empeorarlo.",32_128_16_4_2,0.0,64_64_8_4_2,3.1744000911712646,9.039750079275443
matmul,sycl,1024,bayesian,7,True,15,12,3,True,"El defecto se evalúa primero; por diseño, el mejor resultado observado no puede empeorarlo.",32_32_16_4_2,8.090041825981901,128_64_16_4_4,3.5235838890075684,21.03411529924184
matmul,sycl,1024,bayesian,8,True,15,11,4,True,"El defecto se evalúa primero; por diseño, el mejor resultado observado no puede empeorarlo.",64_32_32_4_4,7.105167382547874,32_64_8_2_4,3.362816095352173,15.511786815905415
matmul,sycl,1024,bayesian,9,True,15,11,4,True,"El defecto se evalúa primero; por diseño, el mejor resultado observado no puede empeorarlo.",32_32_16_4_2,8.090041825981901,32_32_32_4_1,3.1795198917388916,9.215613788422372
matmul,sycl,1024,random,0,True,15,15,0,True,"El defecto se evalúa primero; por diseño, el mejor resultado observado no puede empeorarlo.",32_128_16_4_2,0.0,32_128_16_4_2,2.9112319946289062,0.0
matmul,sycl,1024,random,1,True,15,15,0,True,"El defecto se evalúa primero; por diseño, el mejor resultado observado no puede empeorarlo.",32_128_16_4_2,0.0,128_32_16_4_4,3.290112018585205,13.014422232763167
matmul,sycl,1024,random,2,True,15,15,0,True,"El defecto se evalúa primero; por diseño, el mejor resultado observado no puede empeorarlo.",64_32_8_2_2,11.959199029825909,64_64_8_2_4,3.5133440494537354,20.682379691336838
matmul,sycl,1024,random,3,True,15,15,0,True,"El defecto se evalúa primero; por diseño, el mejor resultado observado no puede empeorarlo.",64_32_16_1_4,9.145265028919153,32_64_32_4_2,3.216383934020996,10.481883269869297
matmul,sycl,1024,random,4,True,15,15,0,True,"El defecto se evalúa primero; por diseño, el mejor resultado observado no puede empeorarlo.",64_32_16_4_1,3.4118902670730464,128_32_16_4_2,3.280895948410034,12.697852814998644
matmul,sycl,1024,random,5,True,15,15,0,True,"El defecto se evalúa primero; por diseño, el mejor resultado observado no puede empeorarlo.",64_64_32_4_2,0.7034794054211295,64_32_32_4_2,3.5082240104675293,20.506507792578766
matmul,sycl,1024,random,6,True,15,15,0,True,"El defecto se evalúa primero; por diseño, el mejor resultado observado no puede empeorarlo.",64_32_8_4_4,8.476960003249639,32_32_32_4_2,3.368959903717041,15.722824904803968
matmul,sycl,1024,random,7,True,15,15,0,True,"El defecto se evalúa primero; por diseño, el mejor resultado observado no puede empeorarlo.",32_32_8_2_4,0.9145256839308037,64_32_8_2_4,3.2880640029907227,12.944073473259943
matmul,sycl,1024,random,8,True,15,15,0,True,"El defecto se evalúa primero; por diseño, el mejor resultado observado no puede empeorarlo.",32_128_16_4_2,0.0,64_32_8_4_2,3.1150078773498535,6.999644243293046
matmul,sycl,1024,random,9,True,15,15,0,True,"El defecto se evalúa primero; por diseño, el mejor resultado observado no puede empeorarlo.",32_32_8_2_4,0.9145256839308037,64_64_8_4_2,3.1744000911712646,9.039750079275443
matmul,cuda,1024,bayesian,0,True,15,13,2,True,"El defecto se evalúa primero; por diseño, el mejor resultado observado no puede empeorarlo.",64_32_8_4_4,30.359103713114266,64_32_8_4_4,0.41702398657798767,30.359103713114255
matmul,cuda,1024,bayesian,1,True,15,12,3,True,"El defecto se evalúa primero; por diseño, el mejor resultado observado no puede empeorarlo.",32_64_32_4_4,13.92418082135068,32_64_32_4_4,0.36444801092147827,13.924180821350674
matmul,cuda,1024,bayesian,2,True,15,14,1,True,"El defecto se evalúa primero; por diseño, el mejor resultado observado no puede empeorarlo.",128_32_16_4_4,25.267581729681314,32_32_32_2_2,0.43007999658584595,34.44033121434236
matmul,cuda,1024,bayesian,3,True,15,13,2,True,"El defecto se evalúa primero; por diseño, el mejor resultado observado no puede empeorarlo.",32_32_8_4_2,11.763525487747243,32_32_8_4_2,0.3575359880924225,11.76352548774724
matmul,cuda,1024,bayesian,4,True,15,11,4,True,"El defecto se evalúa primero; por diseño, el mejor resultado observado no puede empeorarlo.",32_32_8_2_4,19.60588202359245,64_64_16_4_2,0.43238401412963867,35.160552764217016
matmul,cuda,1024,bayesian,5,True,15,12,3,True,"El defecto se evalúa primero; por diseño, el mejor resultado observado no puede empeorarlo.",64_64_8_4_2,0.0,64_64_8_4_2,0.31990399956703186,0.0
matmul,cuda,1024,bayesian,6,True,15,13,2,True,"El defecto se evalúa primero; por diseño, el mejor resultado observado no puede empeorarlo.",64_64_8_4_2,0.0,64_64_8_4_2,0.31990399956703186,0.0
matmul,cuda,1024,bayesian,7,True,15,13,2,True,"El defecto se evalúa primero; por diseño, el mejor resultado observado no puede empeorarlo.",32_32_16_2_2,28.22846459777103,32_32_16_2_2,0.41020798683166504,28.22846459777104
matmul,cuda,1024,bayesian,8,True,15,11,4,True,"El defecto se evalúa primero; por diseño, el mejor resultado observado no puede empeorarlo.",64_64_16_4_4,9.382816432379618,32_64_8_2_4,0.41606399416923523,30.05901605867678
matmul,cuda,1024,bayesian,9,True,15,11,4,True,"El defecto se evalúa primero; por diseño, el mejor resultado observado no puede empeorarlo.",64_64_32_2_4,26.768029317889358,32_32_32_2_2,0.43007999658584595,34.44033121434236
matmul,cuda,1024,random,0,True,15,15,0,True,"El defecto se evalúa primero; por diseño, el mejor resultado observado no puede empeorarlo.",32_64_8_4_2,0.13004233106584498,32_64_8_4_2,0.3203200101852417,0.1300423310658383
matmul,cuda,1024,random,1,True,15,15,0,True,"El defecto se evalúa primero; por diseño, el mejor resultado observado no puede empeorarlo.",64_32_8_4_2,9.012700251355552,64_64_8_2_4,0.38329601287841797,19.815948971311027
matmul,cuda,1024,random,2,True,15,15,0,True,"El defecto se evalúa primero; por diseño, el mejor resultado observado no puede empeorarlo.",64_64_16_4_4,9.382816432379618,64_64_16_4_4,0.34992000460624695,9.382816432379615
matmul,cuda,1024,random,3,True,15,15,0,True,"El defecto se evalúa primero; por diseño, el mejor resultado observado no puede empeorarlo.",32_32_32_2_2,34.44033121434235,32_64_8_4_4,0.4750399887561798,48.49454505073831
matmul,cuda,1024,random,4,True,15,15,0,True,"El defecto se evalúa primero; por diseño, el mejor resultado observado no puede empeorarlo.",32_128_16_4_4,10.993295539480037,32_64_32_4_4,0.36444801092147827,13.924180821350674
matmul,cuda,1024,random,5,True,15,15,0,True,"El defecto se evalúa primero; por diseño, el mejor resultado observado no puede empeorarlo.",32_128_16_4_4,10.993295539480037,32_128_16_4_4,0.3550719916820526,10.99329553948003
matmul,cuda,1024,random,6,True,15,15,0,True,"El defecto se evalúa primero; por diseño, el mejor resultado observado no puede empeorarlo.",64_64_8_4_2,0.0,64_32_8_2_4,0.3582080006599426,11.973592435465829
matmul,cuda,1024,random,7,True,15,15,0,True,"El defecto se evalúa primero; por diseño, el mejor resultado observado no puede empeorarlo.",64_64_16_4_4,9.382816432379618,64_64_16_4_4,0.34992000460624695,9.382816432379615
matmul,cuda,1024,random,8,True,15,15,0,True,"El defecto se evalúa primero; por diseño, el mejor resultado observado no puede empeorarlo.",64_32_8_4_2,9.012700251355552,64_32_8_4_2,0.3487359881401062,9.012700251355543
matmul,cuda,1024,random,9,True,15,15,0,True,"El defecto se evalúa primero; por diseño, el mejor resultado observado no puede empeorarlo.",64_64_8_4_2,0.0,64_32_8_4_2,0.3487359881401062,9.012700251355543
matmul,sycl,2048,bayesian,0,True,15,14,1,True,"El defecto se evalúa primero; por diseño, el mejor resultado observado no puede empeorarlo.",64_32_32_4_2,2.0288697284820376,64_32_8_4_4,5.6750078201293945,8.115487998229653
matmul,sycl,2048,bayesian,1,True,15,10,5,True,"El defecto se evalúa primero; por diseño, el mejor resultado observado no puede empeorarlo.",128_64_32_4_4,10.827161080381442,128_64_32_4_4,5.8173441886901855,10.827161080381442
matmul,sycl,2048,bayesian,2,True,15,13,2,True,"El defecto se evalúa primero; por diseño, el mejor resultado observado no puede empeorarlo.",128_32_16_4_4,2.2824852577684176,32_64_16_4_2,5.67091178894043,8.037453848341759
matmul,sycl,2048,bayesian,3,True,15,11,4,True,"El defecto se evalúa primero; por diseño, el mejor resultado observado no puede empeorarlo.",64_64_8_4_4,4.974636175995987,32_32_32_4_2,5.705728054046631,8.700744122388793
matmul,sycl,2048,bayesian,4,True,15,12,3,True,"El defecto se evalúa primero; por diseño, el mejor resultado observado no puede empeorarlo.",64_64_8_4_4,4.974636175995987,128_32_32_4_4,5.734399795532227,9.246974087302506
matmul,sycl,2048,bayesian,5,True,15,12,3,True,"El defecto se evalúa primero; por diseño, el mejor resultado observado no puede empeorarlo.",64_32_32_4_2,2.0288697284820376,128_32_32_4_2,5.489664077758789,4.584474510858061
matmul,sycl,2048,bayesian,6,True,15,12,3,True,"El defecto se evalúa primero; por diseño, el mejor resultado observado no puede empeorarlo.",64_64_8_4_2,5.462354154946025,64_64_8_4_2,5.5357441902160645,5.462354154946025
matmul,sycl,2048,bayesian,7,True,15,11,4,True,"El defecto se evalúa primero; por diseño, el mejor resultado observado no puede empeorarlo.",32_32_16_4_2,0.25360644498487966,32_64_16_4_2,5.67091178894043,8.037453848341759
matmul,sycl,2048,bayesian,8,True,15,10,5,True,"El defecto se evalúa primero; por diseño, el mejor resultado observado no puede empeorarlo.",64_32_32_4_4,0.0,64_32_32_4_4,5.249023914337158,0.0
matmul,sycl,2048,bayesian,9,True,15,11,4,True,"El defecto se evalúa primero; por diseño, el mejor resultado observado no puede empeorarlo.",32_32_16_4_2,0.25360644498487966,32_32_16_4_2,5.262335777282715,0.2536064449848885
matmul,sycl,2048,random,0,True,15,15,0,True,"El defecto se evalúa primero; por diseño, el mejor resultado observado no puede empeorarlo.",32_64_8_4_2,1.5411608338334999,32_64_16_4_2,5.67091178894043,8.037453848341759
matmul,sycl,2048,random,1,True,15,15,0,True,"El defecto se evalúa primero; por diseño, el mejor resultado observado no puede empeorarlo.",128_32_16_4_4,2.2824852577684176,128_32_16_4_4,5.368832111358643,2.2824852577684185
matmul,sycl,2048,random,2,True,15,15,0,True,"El defecto se evalúa primero; por diseño, el mejor resultado observado no puede empeorarlo.",32_32_8_4_2,4.174799766097405,64_32_16_4_2,5.6248321533203125,7.159583288555305
matmul,sycl,2048,random,3,True,15,15,0,True,"El defecto se evalúa primero; por diseño, el mejor resultado observado no puede empeorarlo.",128_64_32_4_4,10.827161080381442,32_64_32_4_2,6.2412800788879395,18.90363200366716
matmul,sycl,2048,random,4,True,15,15,0,True,"El defecto se evalúa primero; por diseño, el mejor resultado observado no puede empeorarlo.",32_32_16_4_2,0.25360644498487966,32_32_16_4_2,5.262335777282715,0.2536064449848885
matmul,sycl,2048,random,5,True,15,15,0,True,"El defecto se evalúa primero; por diseño, el mejor resultado observado no puede empeorarlo.",32_32_16_4_2,0.25360644498487966,64_32_32_4_2,5.355519771575928,2.028869728482041
matmul,sycl,2048,random,6,True,15,15,0,True,"El defecto se evalúa primero; por diseño, el mejor resultado observado no puede empeorarlo.",128_32_16_4_4,2.2824852577684176,64_64_8_4_2,5.5357441902160645,5.462354154946025
matmul,sycl,2048,random,7,True,15,15,0,True,"El defecto se evalúa primero; por diseño, el mejor resultado observado no puede empeorarlo.",64_32_32_4_4,0.0,64_32_32_4_4,5.249023914337158,0.0
matmul,sycl,2048,random,8,True,15,15,0,True,"El defecto se evalúa primero; por diseño, el mejor resultado observado no puede empeorarlo.",32_32_16_4_2,0.25360644498487966,32_32_16_4_2,5.262335777282715,0.2536064449848885
matmul,sycl,2048,random,9,True,15,15,0,True,"El defecto se evalúa primero; por diseño, el mejor resultado observado no puede empeorarlo.",64_64_32_4_4,3.609056721560981,32_32_32_4_4,5.626880168914795,7.198600363499241
matmul,cuda,2048,bayesian,0,True,15,11,4,True,"El defecto se evalúa primero; por diseño, el mejor resultado observado no puede empeorarlo.",64_32_8_2_2,41.271483689337735,64_32_8_2_2,2.9751999378204346,41.27148368933773
matmul,cuda,2048,bayesian,1,True,15,12,3,True,"El defecto se evalúa primero; por diseño, el mejor resultado observado no puede empeorarlo.",32_32_32_2_2,43.35161912274626,32_32_32_2_2,3.019007921218872,43.35161912274626
matmul,cuda,2048,bayesian,2,True,15,13,2,True,"El defecto se evalúa primero; por diseño, el mejor resultado observado no puede empeorarlo.",64_32_16_2_2,41.99778315416792,64_32_16_2_2,2.9904959201812744,41.99778315416791
matmul,cuda,2048,bayesian,3,True,15,12,3,True,"El defecto se evalúa primero; por diseño, el mejor resultado observado no puede empeorarlo.",64_64_8_2_4,13.062771424085144,32_64_8_2_2,3.4463679790496826,63.64396609138336
matmul,cuda,2048,bayesian,4,True,15,11,4,True,"El defecto se evalúa primero; por diseño, el mejor resultado observado no puede empeorarlo.",32_32_16_2_2,32.20944993083536,32_32_16_2_2,2.7843520641326904,32.20944993083536
matmul,cuda,2048,bayesian,5,True,15,12,3,True,"El defecto se evalúa primero; por diseño, el mejor resultado observado no puede empeorarlo.",64_64_8_4_2,0.0,64_64_8_4_2,2.106015920639038,0.0
matmul,cuda,2048,bayesian,6,True,15,13,2,True,"El defecto se evalúa primero; por diseño, el mejor resultado observado no puede empeorarlo.",64_64_8_4_2,0.0,64_64_8_4_2,2.106015920639038,0.0
matmul,cuda,2048,bayesian,7,True,15,13,2,True,"El defecto se evalúa primero; por diseño, el mejor resultado observado no puede empeorarlo.",64_128_8_4_4,21.532227416095353,64_64_8_4_4,2.8760321140289307,36.56269574430582
matmul,cuda,2048,bayesian,8,True,15,11,4,True,"El defecto se evalúa primero; por diseño, el mejor resultado observado no puede empeorarlo.",64_64_8_4_2,0.0,64_64_8_4_2,2.106015920639038,0.0
matmul,cuda,2048,bayesian,9,True,15,12,3,True,"El defecto se evalúa primero; por diseño, el mejor resultado observado no puede empeorarlo.",32_64_8_2_4,25.890024205076468,64_64_32_2_4,3.5306880474090576,67.6477377406399
matmul,cuda,2048,random,0,True,15,15,0,True,"El defecto se evalúa primero; por diseño, el mejor resultado observado no puede empeorarlo.",32_32_8_4_1,38.02592493765899,64_32_8_2_2,2.9751999378204346,41.27148368933773
matmul,cuda,2048,random,1,True,15,15,0,True,"El defecto se evalúa primero; por diseño, el mejor resultado observado no puede empeorarlo.",64_64_8_2_4,13.062771424085144,64_32_8_4_2,2.497663974761963,18.59663311586388
matmul,cuda,2048,random,2,True,15,15,0,True,"El defecto se evalúa primero; por diseño, el mejor resultado observado no puede empeorarlo.",64_64_8_2_4,13.062771424085144,64_64_8_2_4,2.381119966506958,13.06277142408514
matmul,cuda,2048,random,3,True,15,15,0,True,"El defecto se evalúa primero; por diseño, el mejor resultado observado no puede empeorarlo.",64_128_8_4_4,21.532227416095353,64_128_8_4_4,2.55948805809021,21.532227416095353
matmul,cuda,2048,random,4,True,15,15,0,True,"El defecto se evalúa primero; por diseño, el mejor resultado observado no puede empeorarlo.",32_64_16_2_4,42.322951486487845,128_32_16_4_2,3.1655681133270264,50.31073992861761
matmul,cuda,2048,random,5,True,15,15,0,True,"El defecto se evalúa primero; por diseño, el mejor resultado observado no puede empeorarlo.",32_32_8_4_1,38.02592493765899,64_32_8_2_2,2.9751999378204346,41.27148368933773
matmul,cuda,2048,random,6,True,15,15,0,True,"El defecto se evalúa primero; por diseño, el mejor resultado observado no puede empeorarlo.",64_64_8_4_2,0.0,64_64_8_4_2,2.106015920639038,0.0
matmul,cuda,2048,random,7,True,15,15,0,True,"El defecto se evalúa primero; por diseño, el mejor resultado observado no puede empeorarlo.",64_64_16_2_4,35.65557990918653,64_64_16_2_4,2.8569281101226807,35.65557990918653
matmul,cuda,2048,random,8,True,15,15,0,True,"El defecto se evalúa primero; por diseño, el mejor resultado observado no puede empeorarlo.",64_32_8_4_2,18.596633115863874,64_32_8_4_2,2.497663974761963,18.59663311586388
matmul,cuda,2048,random,9,True,15,15,0,True,"El defecto se evalúa primero; por diseño, el mejor resultado observado no puede empeorarlo.",64_64_8_4_2,0.0,64_64_8_4_2,2.106015920639038,0.0
matmul,sycl,4096,bayesian,0,True,15,11,4,True,"El defecto se evalúa primero; por diseño, el mejor resultado observado no puede empeorarlo.",64_32_16_4_4,3.209402599830983,64_32_32_4_2,23.387136459350586,6.540093920340961
matmul,sycl,4096,bayesian,1,True,15,10,5,True,"El defecto se evalúa primero; por diseño, el mejor resultado observado no puede empeorarlo.",128_64_32_4_4,5.2712587178168695,128_64_32_4_4,23.10860824584961,5.271258717816862
matmul,sycl,4096,bayesian,2,True,15,13,2,True,"El defecto se evalúa primero; por diseño, el mejor resultado observado no puede empeorarlo.",32_64_16_4_2,1.9079144126868053,32_64_16_4_2,22.370304107666016,1.9079144126868064
matmul,sycl,4096,bayesian,3,True,15,12,3,True,"El defecto se evalúa primero; por diseño, el mejor resultado observado no puede empeorarlo.",32_32_32_4_2,0.0,32_32_32_4_2,21.951488494873047,0.0
matmul,sycl,4096,bayesian,4,True,15,12,3,True,"El defecto se evalúa primero; por diseño, el mejor resultado observado no puede empeorarlo.",128_32_32_4_4,14.61491287353042,128_32_32_4_4,25.159679412841797,14.614912873530429
matmul,sycl,4096,bayesian,5,True,15,12,3,True,"El defecto se evalúa primero; por diseño, el mejor resultado observado no puede empeorarlo.",128_32_32_4_2,4.958709353854955,128_32_32_4_2,23.03999900817871,4.958709353854962
matmul,sycl,4096,bayesian,6,True,15,13,2,True,"El defecto se evalúa primero; por diseño, el mejor resultado observado no puede empeorarlo.",64_32_16_4_2,3.4286502743702223,64_32_16_4_2,22.70412826538086,3.4286502743702263
matmul,sycl,4096,bayesian,7,True,15,12,3,True,"El defecto se evalúa primero; por diseño, el mejor resultado observado no puede empeorarlo.",32_64_16_4_2,1.9079144126868053,32_64_16_4_2,22.370304107666016,1.9079144126868064
matmul,sycl,4096,bayesian,8,True,15,11,4,True,"El defecto se evalúa primero; por diseño, el mejor resultado observado no puede empeorarlo.",64_64_8_4_2,14.652231811514252,64_64_8_4_2,25.167871475219727,14.652231811514248
matmul,sycl,4096,bayesian,9,True,15,11,4,True,"El defecto se evalúa primero; por diseño, el mejor resultado observado no puede empeorarlo.",32_32_16_4_2,3.2653766623436367,32_32_16_4_2,22.66828727722168,3.265376662343633
matmul,sycl,4096,random,0,True,15,15,0,True,"El defecto se evalúa primero; por diseño, el mejor resultado observado no puede empeorarlo.",32_64_16_4_2,1.9079144126868053,32_64_16_4_2,22.370304107666016,1.9079144126868064
matmul,sycl,4096,random,1,True,15,15,0,True,"El defecto se evalúa primero; por diseño, el mejor resultado observado no puede empeorarlo.",32_32_32_4_2,0.0,32_32_32_4_2,21.951488494873047,0.0
matmul,sycl,4096,random,2,True,15,15,0,True,"El defecto se evalúa primero; por diseño, el mejor resultado observado no puede empeorarlo.",64_32_16_4_2,3.4286502743702223,64_32_16_4_2,22.70412826538086,3.4286502743702263
matmul,sycl,4096,random,3,True,15,15,0,True,"El defecto se evalúa primero; por diseño, el mejor resultado observado no puede empeorarlo.",32_64_32_4_2,0.0,32_64_32_4_2,21.951488494873047,0.0
matmul,sycl,4096,random,4,True,15,15,0,True,"El defecto se evalúa primero; por diseño, el mejor resultado observado no puede empeorarlo.",32_32_16_4_2,3.2653766623436367,32_32_16_4_2,22.66828727722168,3.265376662343633
matmul,sycl,4096,random,5,True,15,15,0,True,"El defecto se evalúa primero; por diseño, el mejor resultado observado no puede empeorarlo.",64_64_32_4_2,0.09795895386023792,64_64_32_4_2,21.972991943359375,0.09795895386024434
matmul,sycl,4096,random,6,True,15,15,0,True,"El defecto se evalúa primero; por diseño, el mejor resultado observado no puede empeorarlo.",32_32_32_4_2,0.0,32_32_32_4_2,21.951488494873047,0.0
matmul,sycl,4096,random,7,True,15,15,0,True,"El defecto se evalúa primero; por diseño, el mejor resultado observado no puede empeorarlo.",64_32_32_4_4,6.736011828061443,64_32_32_4_4,23.430143356323242,6.73601182806145
matmul,sycl,4096,random,8,True,15,15,0,True,"El defecto se evalúa primero; por diseño, el mejor resultado observado no puede empeorarlo.",32_32_32_4_2,0.0,32_32_32_4_2,21.951488494873047,0.0
matmul,sycl,4096,random,9,True,15,15,0,True,"El defecto se evalúa primero; por diseño, el mejor resultado observado no puede empeorarlo.",32_32_32_4_4,6.633386920837453,64_64_32_4_4,23.769088745117188,8.280077456563628
matmul,cuda,4096,bayesian,0,True,15,11,4,True,"El defecto se evalúa primero; por diseño, el mejor resultado observado no puede empeorarlo.",128_64_8_4_4,17.673431173413174,128_64_8_4_4,19.830175399780273,17.673431173413178
matmul,cuda,4096,bayesian,1,True,15,12,3,True,"El defecto se evalúa primero; por diseño, el mejor resultado observado no puede empeorarlo.",32_32_32_2_2,61.89916418738881,32_32_32_2_2,27.283039093017578,61.89916418738881
matmul,cuda,4096,bayesian,2,True,15,13,2,True,"El defecto se evalúa primero; por diseño, el mejor resultado observado no puede empeorarlo.",64_32_16_4_2,36.50975175077423,32_128_16_4_2,23.074560165405273,36.92580185199397
matmul,cuda,4096,bayesian,3,True,15,11,4,True,"El defecto se evalúa primero; por diseño, el mejor resultado observado no puede empeorarlo.",64_64_8_2_4,0.0,64_64_8_2_4,16.851871490478516,0.0
matmul,cuda,4096,bayesian,4,True,15,10,5,True,"El defecto se evalúa primero; por diseño, el mejor resultado observado no puede empeorarlo.",64_64_16_4_2,45.08422753715408,64_64_16_4_2,24.44940757751465,45.084227537154085
matmul,cuda,4096,bayesian,5,True,15,12,3,True,"El defecto se evalúa primero; por diseño, el mejor resultado observado no puede empeorarlo.",64_64_8_4_2,13.690299543849093,64_64_8_4_2,19.15894317626953,13.690299543849083
matmul,cuda,4096,bayesian,6,True,15,12,3,True,"El defecto se evalúa primero; por diseño, el mejor resultado observado no puede empeorarlo.",64_64_8_4_2,13.690299543849093,64_64_8_4_2,19.15894317626953,13.690299543849083
matmul,cuda,4096,bayesian,7,True,15,13,2,True,"El defecto se evalúa primero; por diseño, el mejor resultado observado no puede empeorarlo.",64_64_8_4_4,6.837181675097683,64_128_8_4_4,20.260831832885742,20.228971864242638
matmul,cuda,4096,bayesian,8,True,15,11,4,True,"El defecto se evalúa primero; por diseño, el mejor resultado observado no puede empeorarlo.",64_64_8_4_2,13.690299543849093,64_64_8_4_2,19.15894317626953,13.690299543849083
matmul,cuda,4096,bayesian,9,True,15,13,2,True,"El defecto se evalúa primero; por diseño, el mejor resultado observado no puede empeorarlo.",64_64_32_2_4,34.50565089730504,64_32_8_4_4,25.578048706054688,51.781650604839655
matmul,cuda,4096,random,0,True,15,15,0,True,"El defecto se evalúa primero; por diseño, el mejor resultado observado no puede empeorarlo.",64_64_32_2_4,34.50565089730504,32_64_8_4_2,23.947200775146484,42.1041027323102
matmul,cuda,4096,random,1,True,15,15,0,True,"El defecto se evalúa primero; por diseño, el mejor resultado observado no puede empeorarlo.",64_64_8_2_4,0.0,64_64_8_2_4,16.851871490478516,0.0
matmul,cuda,4096,random,2,True,15,15,0,True,"El defecto se evalúa primero; por diseño, el mejor resultado observado no puede empeorarlo.",64_64_8_2_4,0.0,64_64_8_2_4,16.851871490478516,0.0
matmul,cuda,4096,random,3,True,15,15,0,True,"El defecto se evalúa primero; por diseño, el mejor resultado observado no puede empeorarlo.",32_64_8_4_4,15.601737316747922,64_128_8_4_4,20.260831832885742,20.228971864242638
matmul,cuda,4096,random,4,True,15,15,0,True,"El defecto se evalúa primero; por diseño, el mejor resultado observado no puede empeorarlo.",128_32_16_4_2,38.372000107750395,32_32_16_4_2,27.50035285949707,63.18871690325349
matmul,cuda,4096,random,5,True,15,15,0,True,"El defecto se evalúa primero; por diseño, el mejor resultado observado no puede empeorarlo.",64_64_32_4_2,26.312285560291894,64_64_32_4_2,21.28598403930664,26.312285560291905
matmul,cuda,4096,random,6,True,15,15,0,True,"El defecto se evalúa primero; por diseño, el mejor resultado observado no puede empeorarlo.",64_64_8_4_2,13.690299543849093,64_64_8_4_2,19.15894317626953,13.690299543849083
matmul,cuda,4096,random,7,True,15,15,0,True,"El defecto se evalúa primero; por diseño, el mejor resultado observado no puede empeorarlo.",32_64_8_4_4,15.601737316747922,32_64_8_4_4,19.481056213378906,15.601737316747922
matmul,cuda,4096,random,8,True,15,15,0,True,"El defecto se evalúa primero; por diseño, el mejor resultado observado no puede empeorarlo.",32_64_8_4_4,15.601737316747922,32_64_8_4_4,19.481056213378906,15.601737316747922
matmul,cuda,4096,random,9,True,15,15,0,True,"El defecto se evalúa primero; por diseño, el mejor resultado observado no puede empeorarlo.",64_64_8_4_2,13.690299543849093,64_64_8_4_2,19.15894317626953,13.690299543849083
stencil,sycl,1024,bayesian,0,True,15,14,1,True,"El defecto se evalúa primero; por diseño, el mejor resultado observado no puede empeorarlo.",32_64_8_4_1,12.374323088921503,32_64_8_4_1,14.810432434082031,12.374323088921502
stencil,sycl,1024,bayesian,1,True,15,13,2,True,"El defecto se evalúa primero; por diseño, el mejor resultado observado no puede empeorarlo.",16_128_0_4_2,8.879205010911187,16_64_0_1_2,18.59872055053711,41.118001887442055
stencil,sycl,1024,bayesian,2,True,15,13,2,True,"El defecto se evalúa primero; por diseño, el mejor resultado observado no puede empeorarlo.",16_32_8_2_1,11.89915571628513,16_64_0_2_2,15.374495506286621,16.654158009378172
stencil,sycl,1024,bayesian,3,True,15,12,3,True,"El defecto se evalúa primero; por diseño, el mejor resultado observado no puede empeorarlo.",32_32_2_2_1,7.329655894218728,16_64_1_4_1,15.164443969726562,15.06038960728846
stencil,sycl,1024,bayesian,4,True,15,14,1,True,"El defecto se evalúa primero; por diseño, el mejor resultado observado no puede empeorarlo.",32_64_8_4_1,12.374323088921503,16_64_0_2_2,15.374495506286621,16.654158009378172
stencil,sycl,1024,bayesian,5,True,15,11,4,True,"El defecto se evalúa primero; por diseño, el mejor resultado observado no puede empeorarlo.",32_64_8_4_1,12.374323088921503,16_64_0_4_1,14.871611595153809,12.838520663380448
stencil,sycl,1024,bayesian,6,True,15,14,1,True,"El defecto se evalúa primero; por diseño, el mejor resultado observado no puede empeorarlo.",16_64_0_2_2,16.654158009378165,16_32_8_1_1,18.262239456176758,38.56494778998365
stencil,sycl,1024,bayesian,7,True,15,10,5,True,"El defecto se evalúa primero; por diseño, el mejor resultado observado no puede empeorarlo.",16_64_0_2_2,16.654158009378165,32_32_0_4_2,17.37295913696289,31.817523340850595
stencil,sycl,1024,bayesian,8,True,15,13,2,True,"El defecto se evalúa primero; por diseño, el mejor resultado observado no puede empeorarlo.",16_64_0_4_2,12.887812395032563,32_128_0_4_2,16.1767635345459,22.74137571978447
stencil,sycl,1024,bayesian,9,True,15,13,2,True,"El defecto se evalúa primero; por diseño, el mejor resultado observado no puede empeorarlo.",32_32_0_4_1,0.0,16_64_0_2_2,15.374495506286621,16.654158009378172
stencil,sycl,1024,random,0,True,15,15,0,True,"El defecto se evalúa primero; por diseño, el mejor resultado observado no puede empeorarlo.",16_32_1_1_2,13.140595330078767,32_64_1_2_2,17.5284481048584,32.9972976379767
stencil,sycl,1024,random,1,True,15,15,0,True,"El defecto se evalúa primero; por diseño, el mejor resultado observado no puede empeorarlo.",16_64_8_2_1,2.9811005428313457,16_32_8_4_1,16.47922706604004,25.036321175429798
stencil,sycl,1024,random,2,True,15,15,0,True,"El defecto se evalúa primero; por diseño, el mejor resultado observado no puede empeorarlo.",16_64_1_4_1,15.06038960728846,64_32_8_4_1,16.987232208251953,28.890815919984725
stencil,sycl,1024,random,3,True,15,15,0,True,"El defecto se evalúa primero; por diseño, el mejor resultado observado no puede empeorarlo.",16_128_0_4_2,8.879205010911187,16_128_0_4_2,14.349791526794434,8.879205010911196
stencil,sycl,1024,random,4,True,15,15,0,True,"El defecto se evalúa primero; por diseño, el mejor resultado observado no puede empeorarlo.",32_32_0_2_1,4.751847390714833,32_32_1_4_1,16.286880493164062,23.576889384925725
stencil,sycl,1024,random,5,True,15,15,0,True,"El defecto se evalúa primero; por diseño, el mejor resultado observado no puede empeorarlo.",32_32_0_2_1,4.751847390714833,32_32_1_2_1,15.702591896057129,19.14359306621922
stencil,sycl,1024,random,6,True,15,15,0,True,"El defecto se evalúa primero; por diseño, el mejor resultado observado no puede empeorarlo.",32_32_0_2_1,4.751847390714833,32_32_0_2_1,13.805824279785156,4.751847390714836
stencil,sycl,1024,random,7,True,15,15,0,True,"El defecto se evalúa primero; por diseño, el mejor resultado observado no puede empeorarlo.",16_128_0_4_2,8.879205010911187,16_128_2_4_1,14.614655494689941,10.888863353797262
stencil,sycl,1024,random,8,True,15,15,0,True,"El defecto se evalúa primero; por diseño, el mejor resultado observado no puede empeorarlo.",32_32_2_2_1,7.329655894218728,16_32_1_2_1,17.118560791015625,29.887273022502114
stencil,sycl,1024,random,9,True,15,15,0,True,"El defecto se evalúa primero; por diseño, el mejor resultado observado no puede empeorarlo.",16_128_8_4_1,3.200351786087199,32_32_8_2_2,16.011167526245117,21.484914139621214
stencil,cuda,1024,bayesian,0,True,15,13,2,True,"El defecto se evalúa primero; por diseño, el mejor resultado observado no puede empeorarlo.",32_64_8_4_1,8.761113220548735,32_64_8_4_1,5.531712055206299,8.761113220548733
stencil,cuda,1024,bayesian,1,True,15,11,4,True,"El defecto se evalúa primero; por diseño, el mejor resultado observado no puede empeorarlo.",16_128_8_4_1,11.302938680992092,16_128_8_4_1,5.66099214553833,11.302938680992103
stencil,cuda,1024,bayesian,2,True,15,12,3,True,"El defecto se evalúa primero; por diseño, el mejor resultado observado no puede empeorarlo.",16_64_0_2_2,28.479751742629862,16_32_8_2_1,6.578080177307129,29.334158357826247
stencil,cuda,1024,bayesian,3,True,15,13,2,True,"El defecto se evalúa primero; por diseño, el mejor resultado observado no puede empeorarlo.",16_64_1_4_1,0.9695444083496229,16_64_1_4_1,5.1354241371154785,0.9695444083496207
stencil,cuda,1024,bayesian,4,True,15,13,2,True,"El defecto se evalúa primero; por diseño, el mejor resultado observado no puede empeorarlo.",32_64_8_4_1,8.761113220548735,16_32_2_2_1,5.869279861450195,15.398163382975438
stencil,cuda,1024,bayesian,5,True,15,12,3,True,"El defecto se evalúa primero; por diseño, el mejor resultado observado no puede empeorarlo.",32_64_8_4_1,8.761113220548735,32_64_8_4_1,5.531712055206299,8.761113220548733
stencil,cuda,1024,bayesian,6,True,15,14,1,True,"El defecto se evalúa primero; por diseño, el mejor resultado observado no puede empeorarlo.",16_64_0_2_2,28.479751742629862,32_64_8_2_2,6.85968017578125,34.87080397699307
stencil,cuda,1024,bayesian,7,True,15,12,3,True,"El defecto se evalúa primero; por diseño, el mejor resultado observado no puede empeorarlo.",16_64_2_4_1,10.178617802716019,16_64_2_4_1,5.6038079261779785,10.178617802716028
stencil,cuda,1024,bayesian,8,True,15,14,1,True,"El defecto se evalúa primero; por diseño, el mejor resultado observado no puede empeorarlo.",16_64_2_4_1,10.178617802716019,16_64_2_4_1,5.6038079261779785,10.178617802716028
stencil,cuda,1024,bayesian,9,True,15,14,1,True,"El defecto se evalúa primero; por diseño, el mejor resultado observado no puede empeorarlo.",16_64_0_2_2,28.479751742629862,16_64_0_1_2,8.277055740356445,62.738368795323616
stencil,cuda,1024,random,0,True,15,15,0,True,"El defecto se evalúa primero; por diseño, el mejor resultado observado no puede empeorarlo.",16_64_0_2_2,28.479751742629862,16_128_1_4_2,6.879583835601807,35.262137469706126
stencil,cuda,1024,random,1,True,15,15,0,True,"El defecto se evalúa primero; por diseño, el mejor resultado observado no puede empeorarlo.",16_32_8_4_1,5.106929736976566,16_32_8_4_1,5.345856189727783,5.106929736976573
stencil,cuda,1024,random,2,True,15,15,0,True,"El defecto se evalúa primero; por diseño, el mejor resultado observado no puede empeorarlo.",16_64_1_4_1,0.9695444083496229,16_32_1_2_1,6.2136640548706055,22.169233149109125
stencil,cuda,1024,random,3,True,15,15,0,True,"El defecto se evalúa primero; por diseño, el mejor resultado observado no puede empeorarlo.",16_32_2_2_1,15.398163382975433,16_32_2_2_1,5.869279861450195,15.398163382975438
stencil,cuda,1024,random,4,True,15,15,0,True,"El defecto se evalúa primero; por diseño, el mejor resultado observado no puede empeorarlo.",16_64_0_2_2,28.479751742629862,32_32_0_2_1,6.732895851135254,32.378048723321484
stencil,cuda,1024,random,5,True,15,15,0,True,"El defecto se evalúa primero; por diseño, el mejor resultado observado no puede empeorarlo.",16_64_0_2_2,28.479751742629862,32_32_1_2_2,6.688416004180908,31.50351338555364
stencil,cuda,1024,random,6,True,15,15,0,True,"El defecto se evalúa primero; por diseño, el mejor resultado observado no puede empeorarlo.",16_128_0_4_1,12.44046932643313,16_128_0_4_1,5.71884822845459,12.440469326433124
stencil,cuda,1024,random,7,True,15,15,0,True,"El defecto se evalúa primero; por diseño, el mejor resultado observado no puede empeorarlo.",16_32_8_4_1,5.106929736976566,32_64_8_2_2,6.85968017578125,34.87080397699307
stencil,cuda,1024,random,8,True,15,15,0,True,"El defecto se evalúa primero; por diseño, el mejor resultado observado no puede empeorarlo.",16_32_1_2_1,22.169233149109115,16_32_1_2_1,6.2136640548706055,22.169233149109125
stencil,cuda,1024,random,9,True,15,15,0,True,"El defecto se evalúa primero; por diseño, el mejor resultado observado no puede empeorarlo.",32_64_2_4_1,10.257267012614436,32_64_2_4_1,5.6078081130981445,10.257267012614445
stencil,sycl,2048,bayesian,0,True,15,13,2,True,"El defecto se evalúa primero; por diseño, el mejor resultado observado no puede empeorarlo.",16_32_8_4_2,7.198998760547762,32_128_0_4_2,33.264766693115234,24.104037136032773
stencil,sycl,2048,bayesian,1,True,15,11,4,True,"El defecto se evalúa primero; por diseño, el mejor resultado observado no puede empeorarlo.",16_128_0_4_2,1.475366580559201,16_128_0_4_2,27.199392318725586,1.475366580559201
stencil,sycl,2048,bayesian,2,True,15,13,2,True,"El defecto se evalúa primero; por diseño, el mejor resultado observado no puede empeorarlo.",64_32_0_4_2,4.912708206699475,16_32_8_4_1,33.95463943481445,26.677811157802655
stencil,sycl,2048,bayesian,3,True,15,13,2,True,"El defecto se evalúa primero; por diseño, el mejor resultado observado no puede empeorarlo.",64_32_0_4_2,4.912708206699475,16_32_2_4_2,32.51116943359375,21.29251997903363
stencil,sycl,2048,bayesian,4,True,15,14,1,True,"El defecto se evalúa primero; por diseño, el mejor resultado observado no puede empeorarlo.",16_64_8_4_1,5.167237814721459,16_64_8_4_1,28.1889591217041,5.167237814721459
stencil,sycl,2048,bayesian,5,True,15,13,2,True,"El defecto se evalúa primero; por diseño, el mejor resultado observado no puede empeorarlo.",16_128_8_4_2,0.0,16_128_8_4_2,26.803936004638672,0.0
stencil,sycl,2048,bayesian,6,True,15,13,2,True,"El defecto se evalúa primero; por diseño, el mejor resultado observado no puede empeorarlo.",32_64_1_4_2,4.018271709164646,32_64_1_4_2,27.880990982055664,4.018271709164645
stencil,sycl,2048,bayesian,7,True,15,12,3,True,"El defecto se evalúa primero; por diseño, el mejor resultado observado no puede empeorarlo.",64_32_2_4_2,14.68644163921935,16_64_2_4_1,33.69246292114258,25.699684237836507
stencil,sycl,2048,bayesian,8,True,15,14,1,True,"El defecto se evalúa primero; por diseño, el mejor resultado observado no puede empeorarlo.",16_64_0_2_2,14.839071166532483,16_64_2_4_1,33.69246292114258,25.699684237836507
stencil,sycl,2048,bayesian,9,True,15,13,2,True,"El defecto se evalúa primero; por diseño, el mejor resultado observado no puede empeorarlo.",32_32_1_4_1,10.002467803630575,16_64_1_4_2,34.16511917114258,27.4630679808741
stencil,sycl,2048,random,0,True,15,15,0,True,"El defecto se evalúa primero; por diseño, el mejor resultado observado no puede empeorarlo.",16_64_0_2_2,14.839071166532483,16_128_1_4_2,33.240943908691406,24.015159202509473
stencil,sycl,2048,random,1,True,15,15,0,True,"El defecto se evalúa primero; por diseño, el mejor resultado observado no puede empeorarlo.",32_64_2_2_2,13.200571949782617,16_64_2_4_1,33.69246292114258,25.699684237836507
stencil,sycl,2048,random,2,True,15,15,0,True,"El defecto se evalúa primero; por diseño, el mejor resultado observado no puede empeorarlo.",64_32_0_4_2,4.912708206699475,16_64_8_4_2,33.92512130737305,26.5676850649919
stencil,sycl,2048,random,3,True,15,15,0,True,"El defecto se evalúa primero; por diseño, el mejor resultado observado no puede empeorarlo.",16_128_0_4_2,1.475366580559201,16_128_0_4_2,27.199392318725586,1.475366580559201
stencil,sycl,2048,random,4,True,15,15,0,True,"El defecto se evalúa primero; por diseño, el mejor resultado observado no puede empeorarlo.",32_32_1_4_1,10.002467803630575,32_32_1_4_1,29.4849910736084,10.002467803630566
stencil,sycl,2048,random,5,True,15,15,0,True,"El defecto se evalúa primero; por diseño, el mejor resultado observado no puede empeorarlo.",32_64_1_4_2,4.018271709164646,16_64_8_4_2,33.92512130737305,26.5676850649919
stencil,sycl,2048,random,6,True,15,15,0,True,"El defecto se evalúa primero; por diseño, el mejor resultado observado no puede empeorarlo.",32_64_2_4_2,4.019943952109239,16_128_2_4_2,30.822784423828125,14.993501023483846
stencil,sycl,2048,random,7,True,15,15,0,True,"El defecto se evalúa primero; por diseño, el mejor resultado observado no puede empeorarlo.",16_128_0_4_2,1.475366580559201,16_128_0_4_2,27.199392318725586,1.475366580559201
stencil,sycl,2048,random,8,True,15,15,0,True,"El defecto se evalúa primero; por diseño, el mejor resultado observado no puede empeorarlo.",16_128_8_4_2,0.0,16_128_8_4_2,26.803936004638672,0.0
stencil,sycl,2048,random,9,True,15,15,0,True,"El defecto se evalúa primero; por diseño, el mejor resultado observado no puede empeorarlo.",32_64_0_4_2,5.4368104933173615,16_128_8_4_1,28.69500732421875,7.055200099167558
stencil,cuda,2048,bayesian,0,True,15,13,2,True,"El defecto se evalúa primero; por diseño, el mejor resultado observado no puede empeorarlo.",32_64_1_4_1,4.139401136437596,32_64_1_4_1,14.404928207397461,4.139401136437604
stencil,cuda,2048,bayesian,1,True,15,11,4,True,"El defecto se evalúa primero; por diseño, el mejor resultado observado no puede empeorarlo.",16_128_8_4_1,8.286896439890262,16_128_8_4_1,14.97862434387207,8.286896439890267
stencil,cuda,2048,bayesian,2,True,15,13,2,True,"El defecto se evalúa primero; por diseño, el mejor resultado observado no puede empeorarlo.",64_32_8_2_2,18.960303557462243,32_64_1_2_2,21.09391975402832,52.49698847346491
stencil,cuda,2048,bayesian,3,True,15,12,3,True,"El defecto se evalúa primero; por diseño, el mejor resultado observado no puede empeorarlo.",32_64_1_2_2,52.496988473464924,16_64_0_2_2,24.963327407836914,80.47059514603698
stencil,cuda,2048,bayesian,4,True,15,14,1,True,"El defecto se evalúa primero; por diseño, el mejor resultado observado no puede empeorarlo.",32_64_0_2_2,17.188687581148507,16_64_8_4_1,17.827999114990234,28.88624813434277
stencil,cuda,2048,bayesian,5,True,15,12,3,True,"El defecto se evalúa primero; por diseño, el mejor resultado observado no puede empeorarlo.",16_64_0_4_1,7.24516197710578,16_64_0_4_1,14.834527969360352,7.245161977105785
stencil,cuda,2048,bayesian,6,True,15,14,1,True,"El defecto se evalúa primero; por diseño, el mejor resultado observado no puede empeorarlo.",32_64_8_2_2,37.11114904629477,32_64_2_2_2,23.47123146057129,69.68359390943579
stencil,cuda,2048,bayesian,7,True,15,12,3,True,"El defecto se evalúa primero; por diseño, el mejor resultado observado no puede empeorarlo.",16_64_2_4_1,0.0,16_64_2_4_1,13.832351684570312,0.0
stencil,cuda,2048,bayesian,8,True,15,14,1,True,"El defecto se evalúa primero; por diseño, el mejor resultado observado no puede empeorarlo.",16_64_2_4_1,0.0,16_64_2_4_1,13.832351684570312,0.0
stencil,cuda,2048,bayesian,9,True,15,14,1,True,"El defecto se evalúa primero; por diseño, el mejor resultado observado no puede empeorarlo.",32_32_1_4_1,9.862101317460125,16_64_2_2_2,23.10665512084961,67.04791526248266
stencil,cuda,2048,random,0,True,15,15,0,True,"El defecto se evalúa primero; por diseño, el mejor resultado observado no puede empeorarlo.",32_64_0_2_2,17.188687581148507,16_128_1_4_2,23.732799530029297,71.57458161292065
stencil,cuda,2048,random,1,True,15,15,0,True,"El defecto se evalúa primero; por diseño, el mejor resultado observado no puede empeorarlo.",16_64_2_4_1,0.0,32_64_2_2_2,23.47123146057129,69.68359390943579
stencil,cuda,2048,random,2,True,15,15,0,True,"El defecto se evalúa primero; por diseño, el mejor resultado observado no puede empeorarlo.",16_64_1_4_1,3.560585460614638,16_64_0_2_2,24.963327407836914,80.47059514603698
stencil,cuda,2048,random,3,True,15,15,0,True,"El defecto se evalúa primero; por diseño, el mejor resultado observado no puede empeorarlo.",16_128_0_4_2,40.26387536030764,32_32_2_4_2,27.214847564697266,96.74779954485133
stencil,cuda,2048,random,4,True,15,15,0,True,"El defecto se evalúa primero; por diseño, el mejor resultado observado no puede empeorarlo.",64_64_0_4_2,3.127513052706127,64_32_8_4_2,26.85228729248047,94.1266959141417
stencil,cuda,2048,random,5,True,15,15,0,True,"El defecto se evalúa primero; por diseño, el mejor resultado observado no puede empeorarlo.",32_128_1_4_2,12.195179461609655,32_128_1_4_2,15.519231796264648,12.195179461609662
stencil,cuda,2048,random,6,True,15,15,0,True,"El defecto se evalúa primero; por diseño, el mejor resultado observado no puede empeorarlo.",16_128_0_4_1,3.1388476443354065,16_128_0_4_1,14.266528129577637,3.1388476443354074
stencil,cuda,2048,random,7,True,15,15,0,True,"El defecto se evalúa primero; por diseño, el mejor resultado observado no puede empeorarlo.",16_32_8_4_1,7.9736576920234254,32_64_8_2_2,18.965696334838867,37.11114904629478
stencil,cuda,2048,random,8,True,15,15,0,True,"El defecto se evalúa primero; por diseño, el mejor resultado observado no puede empeorarlo.",16_128_8_4_2,21.177250399054845,16_128_8_4_2,16.76166343688965,21.17725039905485
stencil,cuda,2048,random,9,True,15,15,0,True,"El defecto se evalúa primero; por diseño, el mejor resultado observado no puede empeorarlo.",16_128_8_4_1,8.286896439890262,32_64_2_4_1,19.93449592590332,44.11501659648964
stencil,sycl,4096,bayesian,0,True,15,12,3,True,"El defecto se evalúa primero; por diseño, el mejor resultado observado no puede empeorarlo.",32_64_2_4_2,6.461916935902794,32_64_1_4_1,97.36883544921875,27.56537807489181
stencil,sycl,4096,bayesian,1,True,15,11,4,True,"El defecto se evalúa primero; por diseño, el mejor resultado observado no puede empeorarlo.",16_128_8_4_1,3.948567745100499,16_128_0_4_2,95.76435089111328,25.46330220712818
stencil,sycl,4096,bayesian,2,True,15,14,1,True,"El defecto se evalúa primero; por diseño, el mejor resultado observado no puede empeorarlo.",32_32_2_4_2,0.17357121602504624,32_64_8_4_1,97.7100830078125,28.01245514660895
stencil,sycl,4096,bayesian,3,True,15,14,1,True,"El defecto se evalúa primero; por diseño, el mejor resultado observado no puede empeorarlo.",16_32_2_4_2,2.18893644174909,64_32_1_2_2,112.25081634521484,47.062638268489934
stencil,sycl,4096,bayesian,4,True,15,14,1,True,"El defecto se evalúa primero; por diseño, el mejor resultado observado no puede empeorarlo.",32_128_8_4_2,6.79772451284362,32_128_8_4_2,81.51718139648438,6.797724512843617
stencil,sycl,4096,bayesian,5,True,15,13,2,True,"El defecto se evalúa primero; por diseño, el mejor resultado observado no puede empeorarlo.",16_64_1_4_2,5.032975532405841,16_64_1_4_2,80.17017364501953,5.032975532405848
stencil,sycl,4096,bayesian,6,True,15,13,2,True,"El defecto se evalúa primero; por diseño, el mejor resultado observado no puede empeorarlo.",16_32_8_4_2,3.5378841543823256,32_64_2_2_2,104.08972930908203,36.37059138856873
stencil,sycl,4096,bayesian,7,True,15,10,5,True,"El defecto se evalúa primero; por diseño, el mejor resultado observado no puede empeorarlo.",16_32_8_2_2,8.570609800211685,32_32_0_4_2,85.7109146118164,12.292040642752244
stencil,sycl,4096,bayesian,8,True,15,13,2,True,"El defecto se evalúa primero; por diseño, el mejor resultado observado no puede empeorarlo.",64_32_1_4_1,6.017688571157551,16_64_0_2_2,83.18016052246094,8.976435595883036
stencil,sycl,4096,bayesian,9,True,15,14,1,True,"El defecto se evalúa primero; por diseño, el mejor resultado observado no puede empeorarlo.",16_64_1_4_2,5.032975532405841,16_64_1_4_2,80.17017364501953,5.032975532405848
stencil,sycl,4096,random,0,True,15,15,0,True,"El defecto se evalúa primero; por diseño, el mejor resultado observado no puede empeorarlo.",16_128_1_4_2,6.002685381105516,16_128_1_4_2,80.91033935546875,6.00268538110551
stencil,sycl,4096,random,1,True,15,15,0,True,"El defecto se evalúa primero; por diseño, el mejor resultado observado no puede empeorarlo.",16_32_2_4_2,2.18893644174909,16_32_2_4_2,77.99935913085938,2.1889364417490897
stencil,sycl,4096,random,2,True,15,15,0,True,"El defecto se evalúa primero; por diseño, el mejor resultado observado no puede empeorarlo.",16_64_8_4_2,4.839373408409923,16_64_8_4_2,80.02239990234375,4.839373408409919
stencil,sycl,4096,random,3,True,15,15,0,True,"El defecto se evalúa primero; por diseño, el mejor resultado observado no puede empeorarlo.",32_32_2_4_2,0.17357121602504624,32_32_2_4_2,76.4610595703125,0.1735712160250369
stencil,sycl,4096,random,4,True,15,15,0,True,"El defecto se evalúa primero; por diseño, el mejor resultado observado no puede empeorarlo.",64_32_1_4_1,6.017688571157551,64_64_0_4_2,102.2126693725586,33.911407612084865
stencil,sycl,4096,random,5,True,15,15,0,True,"El defecto se evalúa primero; por diseño, el mejor resultado observado no puede empeorarlo.",16_64_8_4_2,4.839373408409923,32_128_1_4_2,95.23712158203125,24.772565732414066
stencil,sycl,4096,random,6,True,15,15,0,True,"El defecto se evalúa primero; por diseño, el mejor resultado observado no puede empeorarlo.",16_32_8_4_2,3.5378841543823256,32_64_2_4_2,81.2608642578125,6.4619169359027895
stencil,sycl,4096,random,7,True,15,15,0,True,"El defecto se evalúa primero; por diseño, el mejor resultado observado no puede empeorarlo.",16_64_2_4_2,5.217361839461069,32_32_1_4_2,101.7159652709961,33.260662985071065
stencil,sycl,4096,random,8,True,15,15,0,True,"El defecto se evalúa primero; por diseño, el mejor resultado observado no puede empeorarlo.",16_64_0_2_2,8.976435595883029,16_64_0_2_2,83.18016052246094,8.976435595883036
stencil,sycl,4096,random,9,True,15,15,0,True,"El defecto se evalúa primero; por diseño, el mejor resultado observado no puede empeorarlo.",16_128_8_4_1,3.948567745100499,16_64_0_2_2,83.18016052246094,8.976435595883036
stencil,cuda,4096,bayesian,0,True,15,13,2,True,"El defecto se evalúa primero; por diseño, el mejor resultado observado no puede empeorarlo.",32_64_8_4_1,2.4543420458880543,32_64_8_4_1,63.7542724609375,2.4543420458880583
stencil,cuda,4096,bayesian,1,True,15,13,2,True,"El defecto se evalúa primero; por diseño, el mejor resultado observado no puede empeorarlo.",16_32_1_4_1,9.588322088232433,16_128_0_4_2,79.84416198730469,28.31110397545138
stencil,cuda,4096,bayesian,2,True,15,13,2,True,"El defecto se evalúa primero; por diseño, el mejor resultado observado no puede empeorarlo.",16_64_2_2_2,11.783849341456461,16_32_8_4_1,76.06221008300781,22.233434526061302
stencil,cuda,4096,bayesian,3,True,15,12,3,True,"El defecto se evalúa primero; por diseño, el mejor resultado observado no puede empeorarlo.",32_64_1_2_2,13.041540022499397,16_64_0_2_2,71.35865783691406,14.67473560204402
stencil,cuda,4096,bayesian,4,True,15,14,1,True,"El defecto se evalúa primero; por diseño, el mejor resultado observado no puede empeorarlo.",32_64_8_4_1,2.4543420458880543,16_64_8_4_1,66.95833587646484,7.603333579158034
stencil,cuda,4096,bayesian,5,True,15,12,3,True,"El defecto se evalúa primero; por diseño, el mejor resultado observado no puede empeorarlo.",32_64_8_4_1,2.4543420458880543,16_64_0_4_1,70.72541046142578,13.657094890236209
stencil,cuda,4096,bayesian,6,True,15,14,1,True,"El defecto se evalúa primero; por diseño, el mejor resultado observado no puede empeorarlo.",32_64_8_2_2,12.667984556813922,32_64_2_2_2,73.24451446533203,17.705343475043
stencil,cuda,4096,bayesian,7,True,15,12,3,True,"El defecto se evalúa primero; por diseño, el mejor resultado observado no puede empeorarlo.",32_128_8_4_2,8.674246527358235,16_64_2_4_1,73.1319351196289,17.52442630123261
stencil,cuda,4096,bayesian,8,True,15,14,1,True,"El defecto se evalúa primero; por diseño, el mejor resultado observado no puede empeorarlo.",32_128_8_4_2,8.674246527358235,16_64_2_4_1,73.1319351196289,17.52442630123261
stencil,cuda,4096,bayesian,9,True,15,13,2,True,"El defecto se evalúa primero; por diseño, el mejor resultado observado no puede empeorarlo.",32_32_0_4_1,8.757814666196104,32_32_1_4_1,72.2135009765625,16.048484968861487
stencil,cuda,4096,random,0,True,15,15,0,True,"El defecto se evalúa primero; por diseño, el mejor resultado observado no puede empeorarlo.",32_64_0_2_2,12.678835173432393,16_128_1_4_2,73.11711883544922,17.500616247590717
stencil,cuda,4096,random,1,True,15,15,0,True,"El defecto se evalúa primero; por diseño, el mejor resultado observado no puede empeorarlo.",16_64_0_2_2,14.674735602044011,16_64_2_4_1,73.1319351196289,17.52442630123261
stencil,cuda,4096,random,2,True,15,15,0,True,"El defecto se evalúa primero; por diseño, el mejor resultado observado no puede empeorarlo.",16_64_1_4_1,4.709725468978056,16_64_1_4_1,65.15773010253906,4.709725468978054
stencil,cuda,4096,random,3,True,15,15,0,True,"El defecto se evalúa primero; por diseño, el mejor resultado observado no puede empeorarlo.",32_128_2_4_2,8.72151107771328,32_128_2_4_2,67.65414428710938,8.721511077713284
stencil,cuda,4096,random,4,True,15,15,0,True,"El defecto se evalúa primero; por diseño, el mejor resultado observado no puede empeorarlo.",16_128_2_2_2,8.93337396490788,16_128_2_2_2,67.78598022460938,8.933373964907876
stencil,cuda,4096,random,5,True,15,15,0,True,"El defecto se evalúa primero; por diseño, el mejor resultado observado no puede empeorarlo.",16_64_0_2_2,14.674735602044011,16_64_0_2_2,71.35865783691406,14.67473560204402
stencil,cuda,4096,random,6,True,15,15,0,True,"El defecto se evalúa primero; por diseño, el mejor resultado observado no puede empeorarlo.",16_128_0_4_1,1.5137345817795342,16_128_0_4_1,63.16896057128906,1.5137345817795245
stencil,cuda,4096,random,7,True,15,15,0,True,"El defecto se evalúa primero; por diseño, el mejor resultado observado no puede empeorarlo.",16_128_2_4_1,0.0,16_128_2_4_1,62.22700881958008,0.0
stencil,cuda,4096,random,8,True,15,15,0,True,"El defecto se evalúa primero; por diseño, el mejor resultado observado no puede empeorarlo.",16_128_8_4_2,11.899037525784774,16_128_8_4_2,69.63142395019531,11.899037525784784
stencil,cuda,4096,random,9,True,15,15,0,True,"El defecto se evalúa primero; por diseño, el mejor resultado observado no puede empeorarlo.",16_128_8_4_1,0.5086425774395328,16_128_8_4_1,62.543521881103516,0.508642577439522
