kernel,backend,size,M,N,K,algorithm,runs,mean_best_ms,median_best_ms,std_best_ms,ci95_best_ms,best_observed_ms,default_ms
matmul,sycl,1024,1024,1024,1024,bayesian,10,2.922751986980438,2.8682239651679993,0.2485126080743168,0.15402971028158402,2.7356159687042236,nan
matmul,sycl,1024,1024,1024,1024,random,10,2.9492223858833313,2.9411840438842773,0.0822758038917959,0.050995071577406466,2.861567974090576,nan
matmul,cuda,1024,1024,1024,1024,bayesian,10,0.39037120044231416,0.38782399892807007,0.028557345179687714,0.017700025920306946,0.3499840050935745,nan
matmul,cuda,1024,1024,1024,1024,random,10,0.3691520020365715,0.37141600251197815,0.025103531867924144,0.015559330251383254,0.3280960023403168,nan
matmul,sycl,2048,2048,2048,2048,bayesian,10,5.463295960426331,5.4748159646987915,0.4519226227723739,0.2801045435670848,4.8404481410980225,nan
matmul,sycl,2048,2048,2048,2048,random,10,5.558425641059875,5.782528042793274,0.416407296470764,0.25809191626747924,4.942336082458496,nan
matmul,cuda,2048,2048,2048,2048,bayesian,10,2.565988826751709,2.7442240118980408,0.3630669440525885,0.22503122331932823,2.072783946990967,nan
matmul,cuda,2048,2048,2048,2048,random,10,2.681064009666443,2.7489760518074036,0.34469255129249915,0.2136426566974278,2.01635205745697,nan
matmul,sycl,4096,4096,4096,4096,bayesian,10,22.791321563720704,22.62656021118164,0.8363075478810131,0.5183487884360877,21.557759284973145,nan
matmul,sycl,4096,4096,4096,4096,random,10,22.49738245010376,22.574592113494873,0.4218279844465945,0.26145169348326674,21.675519943237305,nan
matmul,cuda,4096,4096,4096,4096,bayesian,10,22.938022232055665,20.952423572540283,4.556240126229105,2.8239868876452627,19.158031463623047,nan
matmul,cuda,4096,4096,4096,4096,random,10,22.419182300567627,22.471799850463867,2.625434231826085,1.6272609958308117,19.156208038330078,nan
stencil,sycl,1024,1024,1024,512,bayesian,10,14.443801307678223,14.500695943832397,0.7008168641498426,0.43437079262057976,13.352607727050781,nan
stencil,sycl,1024,1024,1024,512,random,10,13.938003635406494,13.867400169372559,0.4777228890507703,0.29609571428008424,13.314623832702637,nan
stencil,cuda,1024,1024,1024,512,bayesian,10,4.212203180789947,4.179767847061157,0.45508837595629104,0.282066697719022,3.77457594871521,nan
stencil,cuda,1024,1024,1024,512,random,10,4.536273610591889,4.480664014816284,0.5587758943430446,0.3463328874334369,3.7927839756011963,nan
stencil,sycl,2048,2048,2048,512,bayesian,10,32.97239036560059,32.93085956573486,0.7658562071846471,0.4746825950767339,31.550640106201172,nan
stencil,sycl,2048,2048,2048,512,random,10,32.7392557144165,32.61410045623779,0.6895640813808336,0.4273962456018075,31.868864059448242,nan
stencil,cuda,2048,2048,2048,512,bayesian,10,16.751924657821654,16.606184005737305,1.0459296957676565,0.6482739417624228,14.467183589935303,nan
stencil,cuda,2048,2048,2048,512,random,10,16.842150449752808,16.740903854370117,0.9630320346952103,0.5968934391112599,15.421600341796875,nan
stencil,sycl,4096,4096,4096,512,bayesian,10,77.55813674926758,77.66929626464844,0.6287880176466227,0.3897268510323532,76.64332580566406,nan
stencil,sycl,4096,4096,4096,512,random,10,77.88707160949707,77.8935375213623,1.0618581638630074,0.6581465085708749,76.05196762084961,nan
stencil,cuda,4096,4096,4096,512,bayesian,10,67.11406860351562,66.72772216796875,2.5992871384049034,1.6110548594276006,64.29671859741211,nan
stencil,cuda,4096,4096,4096,512,random,10,67.3107810974121,67.10495185852051,2.517309082804098,1.5602443341529089,64.42672348022461,nan
