kernel,backend,size,M,N,K,grid_status,grid_complete,valid_config_count,evaluated_config_count,failed_config_count,optimum_config,optimum_ms,optimum_noise_runs,optimum_noise_std_ms,optimum_noise_ci95_ms,good_config_threshold_pct,good_config_count,good_config_fraction,good_config_source,confirmatory_config_count,confirmatory_optimum_ms,confirmatory_good_config_count,confirmatory_good_config_fraction
matmul,sycl,1024,1024,1024,1024,complete,True,93,93,0,32_128_16_4_2,2.9112319946289062,3,0.48124775880753673,1.1954857063343138,10.0,17,0.1827956989247312,three-repeat grid screening; unconfirmed,0,nan,,nan
matmul,cuda,1024,1024,1024,1024,complete,True,93,93,0,64_64_8_4_2,0.31990399956703186,3,0.0012320328534390396,0.0030605392733053516,10.0,4,0.043010752688172046,three-repeat grid screening; unconfirmed,0,nan,,nan
matmul,sycl,2048,2048,2048,2048,complete,True,93,93,0,64_32_32_4_4,5.249023914337158,3,0.3576211131309783,0.8883800936357851,10.0,26,0.27956989247311825,three-repeat grid screening; unconfirmed,0,nan,,nan
matmul,cuda,2048,2048,2048,2048,complete,True,93,93,0,64_64_8_4_2,2.106015920639038,3,0.003998004878398214,0.009931594690067769,10.0,1,0.010752688172043012,three-repeat grid screening; unconfirmed,0,nan,,nan
matmul,sycl,4096,4096,4096,4096,complete,True,93,93,0,32_32_32_4_2,21.951488494873047,3,0.36977053314950914,0.918560926079337,10.0,21,0.22580645161290322,three-repeat grid screening; unconfirmed,0,nan,,nan
matmul,cuda,4096,4096,4096,4096,complete,True,93,93,0,64_64_8_2_4,16.851871490478516,3,0.008068564094869345,0.020043424347491623,10.0,2,0.021505376344086023,three-repeat grid screening; unconfirmed,0,nan,,nan
stencil,sycl,1024,1024,1024,512,complete,True,200,200,0,32_32_0_4_1,13.17955207824707,3,0.5191306141763155,1.2895919359835144,10.0,9,0.045,three-repeat grid screening; unconfirmed,0,nan,,nan
stencil,cuda,1024,1024,1024,512,complete,True,200,200,0,32_32_2_4_1,5.086112022399902,3,0.007445780853472492,0.018496345011310034,10.0,11,0.055,three-repeat grid screening; unconfirmed,0,nan,,nan
stencil,sycl,2048,2048,2048,512,complete,True,200,200,0,16_128_8_4_2,26.803936004638672,3,0.3893909252184351,0.9673006819364787,10.0,17,0.085,three-repeat grid screening; unconfirmed,0,nan,,nan
stencil,cuda,2048,2048,2048,512,complete,True,200,200,0,16_64_2_4_1,13.832351684570312,3,1.687278959415174,4.191433293274146,10.0,11,0.055,three-repeat grid screening; unconfirmed,0,nan,,nan
stencil,sycl,4096,4096,4096,512,complete,True,200,200,0,16_64_0_4_2,76.32857513427734,3,13.0685030072725,32.463961156085915,10.0,46,0.23,three-repeat grid screening; unconfirmed,0,nan,,nan
stencil,cuda,4096,4096,4096,512,complete,True,200,200,0,16_128_2_4_1,62.22700881958008,3,0.0859442213743927,0.2134972814205014,10.0,23,0.115,three-repeat grid screening; unconfirmed,0,nan,,nan
