kernel,backend,size,algorithm,trial,mean_best_ms,median_best_ms,std_best_ms,ci95_ms,min_best_ms,max_best_ms
matmul,sycl,1024,bayesian,1,3.071948790550232,3.181823968887329,0.26321441286491554,0.16314198329686352,2.6398720741271973,3.3919999599456787
matmul,sycl,1024,bayesian,2,2.7134463787078857,2.6109439730644226,0.2587607149978911,0.16038155275993746,2.3787519931793213,3.216383934020996
matmul,sycl,1024,bayesian,3,2.5982463717460633,2.607103943824768,0.19658742056473705,0.12184614563111078,2.267135977745056,2.9460480213165283
matmul,sycl,1024,bayesian,4,2.554879975318909,2.607103943824768,0.14608867598196965,0.09054669946642645,2.267135977745056,2.74892795085907
matmul,sycl,1024,bayesian,5,2.5013247668743133,2.607103943824768,0.21716072210480025,0.13459761003489648,2.0316160321235657,2.74892795085907
matmul,sycl,1024,bayesian,6,2.4849919736385346,2.607103943824768,0.21949924623620432,0.13604704230812323,2.0316160321235657,2.74892795085907
matmul,sycl,1024,bayesian,7,2.470758372545242,2.5983999371528625,0.20472175314060992,0.12688785719538306,2.0316160321235657,2.6280959844589233
matmul,sycl,1024,bayesian,8,2.4284671902656556,2.5876479744911194,0.2590762945698856,0.16057715100512013,1.9553280472755432,2.6280959844589233
matmul,sycl,1024,bayesian,9,2.4200191855430604,2.577407956123352,0.2525015413308526,0.15650207672849303,1.9553280472755432,2.6117119789123535
matmul,sycl,1024,bayesian,10,2.413977599143982,2.5712639689445496,0.24793333728570477,0.1536706745270769,1.9553280472755432,2.6117119789123535
matmul,sycl,1024,bayesian,11,2.413977599143982,2.5712639689445496,0.24793333728570477,0.1536706745270769,1.9553280472755432,2.6117119789123535
matmul,sycl,1024,bayesian,12,2.3748095989227296,2.5305599570274353,0.26218242521108454,0.16250235072222077,1.9553280472755432,2.6117119789123535
matmul,sycl,1024,bayesian,13,2.3592447996139527,2.5305599570274353,0.2736540092226585,0.1696125121561436,1.9553280472755432,2.6117119789123535
matmul,sycl,1024,bayesian,14,2.309222412109375,2.4734720587730408,0.2885739459267585,0.17885998473212192,1.829375982284546,2.570240020751953
matmul,sycl,1024,bayesian,15,2.2483456134796143,2.280192017555237,0.29170722967424,0.18080201411885732,1.829375982284546,2.570240020751953
matmul,sycl,1024,bayesian,16,2.236672008037567,2.280192017555237,0.3031481295508629,0.1878931573289026,1.829375982284546,2.570240020751953
matmul,sycl,1024,bayesian,17,2.231807994842529,2.280192017555237,0.29753968697721833,0.18441700860774377,1.829375982284546,2.5323519706726074
matmul,sycl,1024,bayesian,18,2.231807994842529,2.280192017555237,0.29753968697721833,0.18441700860774377,1.829375982284546,2.5323519706726074
matmul,sycl,1024,bayesian,19,2.231807994842529,2.280192017555237,0.29753968697721833,0.18441700860774377,1.829375982284546,2.5323519706726074
matmul,sycl,1024,bayesian,20,2.231807994842529,2.280192017555237,0.29753968697721833,0.18441700860774377,1.829375982284546,2.5323519706726074
matmul,sycl,1024,random,1,2.9315072178840635,2.9312000274658203,0.2881413352738457,0.1785918498714836,2.556928038597107,3.2916479110717773
matmul,sycl,1024,random,2,2.6365440130233764,2.638848066329956,0.3750156091025037,0.23243708264433982,2.024448037147522,3.2916479110717773
matmul,sycl,1024,random,3,2.5067007899284364,2.5927680134773254,0.30035039168437283,0.18615910143387768,2.024448037147522,2.9317119121551514
matmul,sycl,1024,random,4,2.43850240111351,2.519551992416382,0.348419659464617,0.21595274227573277,2.024448037147522,2.9317119121551514
matmul,sycl,1024,random,5,2.385920000076294,2.409215986728668,0.34681328280878865,0.21495709970927454,2.0024320483207703,2.9317119121551514
matmul,sycl,1024,random,6,2.3110656142234802,2.2379519939422607,0.31863814883645813,0.19749397074961594,1.997312068939209,2.7422720193862915
matmul,sycl,1024,random,7,2.3093248128890993,2.2379519939422607,0.31605770752454226,0.19589459665446274,1.997312068939209,2.7248640060424805
matmul,sycl,1024,random,8,2.3093248128890993,2.2379519939422607,0.31605770752454226,0.19589459665446274,1.997312068939209,2.7248640060424805
matmul,sycl,1024,random,9,2.300723206996918,2.2379519939422607,0.30573254411103296,0.18949499406883755,1.997312068939209,2.7248640060424805
matmul,sycl,1024,random,10,2.300723206996918,2.2379519939422607,0.30573254411103296,0.18949499406883755,1.997312068939209,2.7248640060424805
matmul,sycl,1024,random,11,2.2794239997863768,2.2379519939422607,0.33329489762641373,0.20657831776637456,1.8114559650421143,2.7248640060424805
matmul,sycl,1024,random,12,2.2245887994766234,2.1634560227394104,0.2816956860940908,0.17459679511982493,1.8114559650421143,2.588159918785095
matmul,sycl,1024,random,13,2.2203904032707213,2.1424640417099,0.28101486929017383,0.17417482049296493,1.8114559650421143,2.588159918785095
matmul,sycl,1024,random,14,2.2203904032707213,2.1424640417099,0.28101486929017383,0.17417482049296493,1.8114559650421143,2.588159918785095
matmul,sycl,1024,random,15,2.2171136021614073,2.1424640417099,0.2766323818442669,0.17145852663231764,1.8114559650421143,2.588159918785095
matmul,sycl,1024,random,16,2.201856017112732,2.1424640417099,0.2574350637954696,0.15955990563214928,1.8114559650421143,2.537984013557434
matmul,sycl,1024,random,17,2.199244809150696,2.1424640417099,0.25430262113832947,0.15761839755860843,1.8114559650421143,2.537984013557434
matmul,sycl,1024,random,18,2.181478404998779,2.0536320209503174,0.25713060980720187,0.15937120309520222,1.8114559650421143,2.537984013557434
matmul,sycl,1024,random,19,2.172416001558304,2.0536320209503174,0.2657936942859477,0.1647406384841989,1.8114559650421143,2.537984013557434
matmul,sycl,1024,random,20,2.172416001558304,2.0536320209503174,0.2657936942859477,0.1647406384841989,1.8114559650421143,2.537984013557434
matmul,cuda,1024,bayesian,1,0.48015680015087125,0.4166879951953888,0.15414312402760233,0.09553889808588589,0.2959839999675751,0.7353439927101135
matmul,cuda,1024,bayesian,2,0.38022720217704775,0.37245600670576096,0.06955404481121592,0.04311004360784826,0.2959839999675751,0.49403199553489685
matmul,cuda,1024,bayesian,3,0.3367600038647652,0.333407998085022,0.03226658995484545,0.01999903965046815,0.2959839999675751,0.38996800780296326
matmul,cuda,1024,bayesian,4,0.32706880420446394,0.3291200026869774,0.026285839772531735,0.016292132282722745,0.2959839999675751,0.37225601077079773
matmul,cuda,1024,bayesian,5,0.3257936030626297,0.3227439969778061,0.026629820019461518,0.016505333448602173,0.2959839999675751,0.37225601077079773
matmul,cuda,1024,bayesian,6,0.32129120379686354,0.3227439969778061,0.033935362758261575,0.02103335574987147,0.2557760030031204,0.37225601077079773
matmul,cuda,1024,bayesian,7,0.3143616020679474,0.3110639974474907,0.03390032859459627,0.02101164135026358,0.2557760030031204,0.37225601077079773
matmul,cuda,1024,bayesian,8,0.3078704014420509,0.3071199953556061,0.039922904832484084,0.024744472775835358,0.2557760030031204,0.37225601077079773
matmul,cuda,1024,bayesian,9,0.3050896018743515,0.30398400127887726,0.04083259582946488,0.025308305097247456,0.2557760030031204,0.37225601077079773
matmul,cuda,1024,bayesian,10,0.3014112010598183,0.29952000826597214,0.03961763127780951,0.02455526226636659,0.2557760030031204,0.37225601077079773
matmul,cuda,1024,bayesian,11,0.29847360253334043,0.29916800558567047,0.0382540841292571,0.023710126987821687,0.2557760030031204,0.37225601077079773
matmul,cuda,1024,bayesian,12,0.2943408012390137,0.2887520045042038,0.03999664564544116,0.024790177805224897,0.2557760030031204,0.37225601077079773
matmul,cuda,1024,bayesian,13,0.2943408012390137,0.2887520045042038,0.03999664564544116,0.024790177805224897,0.2557760030031204,0.37225601077079773
matmul,cuda,1024,bayesian,14,0.2880368001759052,0.2887520045042038,0.03366663750338883,0.020866798111310873,0.24401599913835526,0.342960000038147
matmul,cuda,1024,bayesian,15,0.2865696005523205,0.2887279987335205,0.032428181091547215,0.0200991948746361,0.24401599913835526,0.342960000038147
matmul,cuda,1024,bayesian,16,0.2864816002547741,0.28831200301647186,0.032398466338482826,0.020080777479876685,0.24401599913835526,0.342960000038147
matmul,cuda,1024,bayesian,17,0.28352960124611853,0.28831200301647186,0.027556908531843942,0.017079948861776488,0.24401599913835526,0.3242560029029846
matmul,cuda,1024,bayesian,18,0.27632160261273386,0.2645680010318756,0.02895640020255154,0.017947362785967078,0.24401599913835526,0.3242560029029846
matmul,cuda,1024,bayesian,19,0.27338080331683157,0.2645680010318756,0.025759700997553498,0.015966028091447385,0.24401599913835526,0.3242560029029846
matmul,cuda,1024,bayesian,20,0.2709440030157566,0.2645680010318756,0.02115294920239834,0.013110733747046476,0.24401599913835526,0.2998879998922348
matmul,cuda,1024,random,1,0.3959424003958702,0.3792480006814003,0.12495219850966283,0.07744617500346215,0.25144000351428986,0.647680014371872
matmul,cuda,1024,random,2,0.32908159792423247,0.31353599578142166,0.07228996513233334,0.04480578459129644,0.25144000351428986,0.5148159861564636
matmul,cuda,1024,random,3,0.32001120001077654,0.31353599578142166,0.050276358479321756,0.031161609829740144,0.25144000351428986,0.4349279999732971
matmul,cuda,1024,random,4,0.3182464003562927,0.31352799385786057,0.05085034564137088,0.03151737075857534,0.25144000351428986,0.4349279999732971
matmul,cuda,1024,random,5,0.29377440065145494,0.3017920032143593,0.037222788975389214,0.023070923629102888,0.24659200012683868,0.3529279977083206
matmul,cuda,1024,random,6,0.28950560092926025,0.3017920032143593,0.03172725010746155,0.019664753349746492,0.24659200012683868,0.33137600123882294
matmul,cuda,1024,random,7,0.28950560092926025,0.3017920032143593,0.03172725010746155,0.019664753349746492,0.24659200012683868,0.33137600123882294
matmul,cuda,1024,random,8,0.28768000155687334,0.29519200325012207,0.03072589582015157,0.019044107532382355,0.24659200012683868,0.33137600123882294
matmul,cuda,1024,random,9,0.27718560099601747,0.2598159983754158,0.03086812895209684,0.01913226454089687,0.24659200012683868,0.33137600123882294
matmul,cuda,1024,random,10,0.27718560099601747,0.2598159983754158,0.03086812895209684,0.01913226454089687,0.24659200012683868,0.33137600123882294
matmul,cuda,1024,random,11,0.27211679965257646,0.2573919966816902,0.028288031461540752,0.017533103548430233,0.24659200012683868,0.3285920023918152
matmul,cuda,1024,random,12,0.27211679965257646,0.2573919966816902,0.028288031461540752,0.017533103548430233,0.24659200012683868,0.3285920023918152
matmul,cuda,1024,random,13,0.27211679965257646,0.2573919966816902,0.028288031461540752,0.017533103548430233,0.24659200012683868,0.3285920023918152
matmul,cuda,1024,random,14,0.2668527990579605,0.2573919966816902,0.021472247452018634,0.013308636852500682,0.24659200012683868,0.3080800026655197
matmul,cuda,1024,random,15,0.2668527990579605,0.2573919966816902,0.021472247452018634,0.013308636852500682,0.24659200012683868,0.3080800026655197
matmul,cuda,1024,random,16,0.2668527990579605,0.2573919966816902,0.021472247452018634,0.013308636852500682,0.24659200012683868,0.3080800026655197
matmul,cuda,1024,random,17,0.2668527990579605,0.2573919966816902,0.021472247452018634,0.013308636852500682,0.24659200012683868,0.3080800026655197
matmul,cuda,1024,random,18,0.2668527990579605,0.2573919966816902,0.021472247452018634,0.013308636852500682,0.24659200012683868,0.3080800026655197
matmul,cuda,1024,random,19,0.26669279783964156,0.2573919966816902,0.021602114147395053,0.013389129064220075,0.24659200012683868,0.3080800026655197
matmul,cuda,1024,random,20,0.2661935970187187,0.2573919966816902,0.020711448993253972,0.012837089082372445,0.24659200012683868,0.3080800026655197
matmul,sycl,2048,bayesian,1,9.8860032081604,10.00985598564148,0.2907952438881272,0.18023675947240544,9.356287956237793,10.222591876983643
matmul,sycl,2048,bayesian,2,6.315366339683533,6.373887896537781,1.4315739293821377,0.8872987141298614,4.13593602180481,7.927295923233032
matmul,sycl,2048,bayesian,3,5.748223972320557,5.744639992713928,1.0923125393757291,0.6770223260731736,4.13593602180481,7.853568077087402
matmul,sycl,2048,bayesian,4,5.516799998283386,5.546496033668518,1.0587219630573637,0.656202671172759,4.13593602180481,7.853568077087402
matmul,sycl,2048,bayesian,5,5.154713582992554,5.174783945083618,0.6225994571490812,0.3858911414967979,4.13593602180481,6.055935859680176
matmul,sycl,2048,bayesian,6,5.116927981376648,5.072383999824524,0.6288825476734496,0.389785441349995,4.13593602180481,6.055935859680176
matmul,sycl,2048,bayesian,7,5.023232007026673,5.072383999824524,0.5338546179089502,0.330886520270275,4.13593602180481,5.802495956420898
matmul,sycl,2048,bayesian,8,4.881100797653199,4.9397759437561035,0.4520383518147421,0.2801762731706863,4.13593602180481,5.574144124984741
matmul,sycl,2048,bayesian,9,4.829747200012207,4.869887948036194,0.41549388114339986,0.2575257755821801,4.13593602180481,5.574144124984741
matmul,sycl,2048,bayesian,10,4.73487355709076,4.8012800216674805,0.3161295748641557,0.19593914049304353,4.13593602180481,5.099008083343506
matmul,sycl,2048,bayesian,11,4.709887981414795,4.7718400955200195,0.2983362032274111,0.18491069449435715,4.13593602180481,5.099008083343506
matmul,sycl,2048,bayesian,12,4.709887981414795,4.7718400955200195,0.2983362032274111,0.18491069449435715,4.13593602180481,5.099008083343506
matmul,sycl,2048,bayesian,13,4.709887981414795,4.7718400955200195,0.2983362032274111,0.18491069449435715,4.13593602180481,5.099008083343506
matmul,sycl,2048,bayesian,14,4.692070388793946,4.7718400955200195,0.31411199582365146,0.1946886320480711,4.13593602180481,5.099008083343506
matmul,sycl,2048,bayesian,15,4.680550360679627,4.7718400955200195,0.3048876269110502,0.18897130896274283,4.13593602180481,5.099008083343506
matmul,sycl,2048,bayesian,16,4.654540801048279,4.7718400955200195,0.33046287728914886,0.2048230133758222,4.13593602180481,5.099008083343506
matmul,sycl,2048,bayesian,17,4.650393605232239,4.7718400955200195,0.3274747525985701,0.20297095450467853,4.13593602180481,5.099008083343506
matmul,sycl,2048,bayesian,18,4.623718404769898,4.7718400955200195,0.367323989389443,0.2276697673552718,4.036607980728149,5.099008083343506
matmul,sycl,2048,bayesian,19,4.623308801651001,4.7718400955200195,0.3667369198847028,0.22730589790642983,4.036607980728149,5.094912052154541
matmul,sycl,2048,bayesian,20,4.578457593917847,4.71833598613739,0.3708947488217443,0.22988294698066178,4.036607980728149,5.094912052154541
matmul,sycl,2048,random,1,9.864345598220826,9.993215799331665,0.3262717710475026,0.20222533881450955,9.22111988067627,10.201600074768066
matmul,sycl,2048,random,2,6.848563241958618,6.431488037109375,2.05260479933978,1.2722176352128907,4.365823984146118,10.201600074768066
matmul,sycl,2048,random,3,5.857894396781921,5.467648029327393,1.2938077493032605,0.8019103510661885,4.365823984146118,8.00051212310791
matmul,sycl,2048,random,4,5.471180820465088,5.2008960247039795,1.0491334118864433,0.650259625585167,4.365823984146118,8.00051212310791
matmul,sycl,2048,random,5,5.3734911441802975,4.957183837890625,1.0479613825639713,0.649533194285038,4.365823984146118,7.921663761138916
matmul,sycl,2048,random,6,4.921139192581177,4.886016011238098,0.3127777034371717,0.19386162905891513,4.365823984146118,5.539328098297119
matmul,sycl,2048,random,7,4.921139192581177,4.886016011238098,0.3127777034371717,0.19386162905891513,4.365823984146118,5.539328098297119
matmul,sycl,2048,random,8,4.879769611358642,4.859904050827026,0.3047901162959272,0.18891087125733563,4.365823984146118,5.539328098297119
matmul,sycl,2048,random,9,4.836966395378113,4.859904050827026,0.22047526036226417,0.1366519821308254,4.365823984146118,5.137919902801514
matmul,sycl,2048,random,10,4.771583986282349,4.784640073776245,0.2137075480252765,0.1324573105662198,4.365823984146118,5.089792013168335
matmul,sycl,2048,random,11,4.753408002853393,4.7592960596084595,0.20177421267972445,0.12506095269041057,4.365823984146118,5.089792013168335
matmul,sycl,2048,random,12,4.753408002853393,4.7592960596084595,0.20177421267972445,0.12506095269041057,4.365823984146118,5.089792013168335
matmul,sycl,2048,random,13,4.716902422904968,4.7178239822387695,0.20583490188665007,0.12757779393614432,4.365823984146118,5.089792013168335
matmul,sycl,2048,random,14,4.716902422904968,4.7178239822387695,0.20583490188665007,0.12757779393614432,4.365823984146118,5.089792013168335
matmul,sycl,2048,random,15,4.66974720954895,4.70963191986084,0.24451776982927934,0.15155368388488347,4.356096029281616,5.089792013168335
matmul,sycl,2048,random,16,4.664217615127564,4.70963191986084,0.24199868765522026,0.149992340577385,4.356096029281616,5.089792013168335
matmul,sycl,2048,random,17,4.664217615127564,4.70963191986084,0.24199868765522026,0.149992340577385,4.356096029281616,5.089792013168335
matmul,sycl,2048,random,18,4.664217615127564,4.70963191986084,0.24199868765522026,0.149992340577385,4.356096029281616,5.089792013168335
matmul,sycl,2048,random,19,4.656588816642762,4.70963191986084,0.22788294459893058,0.14124331238836296,4.356096029281616,5.0135040283203125
matmul,sycl,2048,random,20,4.656588816642762,4.70963191986084,0.22788294459893058,0.14124331238836296,4.356096029281616,5.0135040283203125
matmul,cuda,2048,bayesian,1,3.265223979949951,2.9159120321273804,1.0143989809312057,0.628731002235679,2.2379040718078613,5.411471843719482
matmul,cuda,2048,bayesian,2,2.3268272161483763,2.2649120092391968,0.33625163434623745,0.20841092217168977,1.9814239740371704,2.952463984489441
matmul,cuda,2048,bayesian,3,2.1591968178749084,2.097696006298065,0.33547582540295895,0.20793007080687165,1.7231360077857971,2.952463984489441
matmul,cuda,2048,bayesian,4,2.1009504199028015,2.097696006298065,0.20926724595776,0.12970518283184845,1.7231360077857971,2.3700000047683716
matmul,cuda,2048,bayesian,5,2.0333632051944734,1.9896160066127777,0.19865466358292236,0.12312743612836188,1.7231360077857971,2.3700000047683716
matmul,cuda,2048,bayesian,6,1.9952735960483552,1.9709759652614594,0.19159453427705245,0.1187515226487188,1.7231360077857971,2.3700000047683716
matmul,cuda,2048,bayesian,7,1.9525775909423828,1.9275039732456207,0.19948936773662068,0.12364479112278752,1.7231360077857971,2.3700000047683716
matmul,cuda,2048,bayesian,8,1.9329311966896057,1.9234719574451447,0.21481844763597302,0.1331458532784525,1.7003840208053589,2.3700000047683716
matmul,cuda,2048,bayesian,9,1.9281823933124542,1.9234719574451447,0.22026329992387916,0.1365206076900331,1.678655982017517,2.3700000047683716
matmul,cuda,2048,bayesian,10,1.921095997095108,1.9234719574451447,0.20508668347529907,0.1271140433601845,1.678655982017517,2.2991360425949097
matmul,cuda,2048,bayesian,11,1.921095997095108,1.9234719574451447,0.20508668347529907,0.1271140433601845,1.678655982017517,2.2991360425949097
matmul,cuda,2048,bayesian,12,1.9125423967838286,1.9234719574451447,0.19690084581996203,0.12204040861692596,1.678655982017517,2.2991360425949097
matmul,cuda,2048,bayesian,13,1.9050624012947082,1.8955519795417786,0.19459173416307418,0.12060920638427344,1.678655982017517,2.2991360425949097
matmul,cuda,2048,bayesian,14,1.8677807986736297,1.833767980337143,0.2000295878336754,0.12397962300790757,1.6741120219230652,2.2991360425949097
matmul,cuda,2048,bayesian,15,1.8542336046695709,1.7660320103168488,0.20318979181524122,0.1259383377285938,1.6741120219230652,2.2991360425949097
matmul,cuda,2048,bayesian,16,1.8214144110679626,1.7594720125198364,0.19668450405820506,0.12190631860377353,1.6741120219230652,2.2991360425949097
matmul,cuda,2048,bayesian,17,1.813216006755829,1.7474640011787415,0.1821502792658904,0.11289791274752752,1.6741120219230652,2.2411680221557617
matmul,cuda,2048,bayesian,18,1.8037008047103882,1.7193920016288757,0.1878785302698063,0.1164483195031055,1.6613759994506836,2.2411680221557617
matmul,cuda,2048,bayesian,19,1.780507206916809,1.7122640013694763,0.1383969796481478,0.08577933668731866,1.6613759994506836,2.0234880447387695
matmul,cuda,2048,bayesian,20,1.7734960079193116,1.7085279822349548,0.145207537193507,0.09000056398719886,1.6192800402641296,2.0234880447387695
matmul,cuda,2048,random,1,2.6958351790905,2.5807759761810303,0.925689181970971,0.5737480991996432,1.6862080097198486,4.618959903717041
matmul,cuda,2048,random,2,2.1740655958652497,2.0506080389022827,0.32318398858160396,0.20031151141428086,1.6862080097198486,2.612895965576172
matmul,cuda,2048,random,3,2.1567759931087496,2.0506080389022827,0.3025517855728038,0.1875235395019425,1.6862080097198486,2.612895965576172
matmul,cuda,2048,random,4,2.0567152082920073,1.9849519729614258,0.31251491802427295,0.1936987529725521,1.680832028388977,2.612895965576172
matmul,cuda,2048,random,5,1.9016975998878478,1.8976000249385834,0.21686247456277158,0.13441275429318245,1.680832028388977,2.376255989074707
matmul,cuda,2048,random,6,1.8340751945972442,1.8057599663734436,0.13793979865100037,0.08549597296954782,1.680832028388977,2.0478559732437134
matmul,cuda,2048,random,7,1.8315535962581635,1.8057599663734436,0.1360724349576584,0.08433856896133832,1.680832028388977,2.0478559732437134
matmul,cuda,2048,random,8,1.8315535962581635,1.8057599663734436,0.1360724349576584,0.08433856896133832,1.680832028388977,2.0478559732437134
matmul,cuda,2048,random,9,1.8277583956718444,1.7986399829387665,0.1379268871514942,0.08548797033924409,1.680832028388977,2.0478559732437134
matmul,cuda,2048,random,10,1.8277583956718444,1.7986399829387665,0.1379268871514942,0.08548797033924409,1.680832028388977,2.0478559732437134
matmul,cuda,2048,random,11,1.8277583956718444,1.7986399829387665,0.1379268871514942,0.08548797033924409,1.680832028388977,2.0478559732437134
matmul,cuda,2048,random,12,1.8277583956718444,1.7986399829387665,0.1379268871514942,0.08548797033924409,1.680832028388977,2.0478559732437134
matmul,cuda,2048,random,13,1.8277583956718444,1.7986399829387665,0.1379268871514942,0.08548797033924409,1.680832028388977,2.0478559732437134
matmul,cuda,2048,random,14,1.8277583956718444,1.7986399829387665,0.1379268871514942,0.08548797033924409,1.680832028388977,2.0478559732437134
matmul,cuda,2048,random,15,1.8277583956718444,1.7986399829387665,0.1379268871514942,0.08548797033924409,1.680832028388977,2.0478559732437134
matmul,cuda,2048,random,16,1.823092806339264,1.7986399829387665,0.13022878702781013,0.08071663845005844,1.680832028388977,2.0331679582595825
matmul,cuda,2048,random,17,1.823092806339264,1.7986399829387665,0.13022878702781013,0.08071663845005844,1.680832028388977,2.0331679582595825
matmul,cuda,2048,random,18,1.8004736006259918,1.762287974357605,0.1379283490193382,0.08548887641432103,1.6582559943199158,2.0331679582595825
matmul,cuda,2048,random,19,1.7877456068992614,1.7447919845581055,0.13544314798001147,0.08394853285169375,1.6582559943199158,2.0331679582595825
matmul,cuda,2048,random,20,1.7877456068992614,1.7447919845581055,0.13544314798001147,0.08394853285169375,1.6582559943199158,2.0331679582595825
matmul,sycl,4096,bayesian,1,64.19384288787842,64.26803016662598,0.23498807580624131,0.14564711833549396,63.868927001953125,64.46643447875977
matmul,sycl,4096,bayesian,2,33.77745885848999,34.44428730010986,10.923105265833462,6.770210785315297,20.824064254760742,50.48115158081055
matmul,sycl,4096,bayesian,3,30.510643005371094,29.164032459259033,9.362910817981186,5.8031922479147475,20.824064254760742,50.48115158081055
matmul,sycl,4096,bayesian,4,28.778854370117188,26.044416427612305,9.212271634150888,5.709825114463327,20.824064254760742,50.48115158081055
matmul,sycl,4096,bayesian,5,24.647628688812254,22.470143795013428,4.469405108751369,2.7701659862107886,20.824064254760742,32.92006301879883
matmul,sycl,4096,bayesian,6,24.383385562896727,21.898240089416504,4.661058879903089,2.888954224254809,20.214272499084473,32.92006301879883
matmul,sycl,4096,bayesian,7,24.364748764038087,21.898240089416504,4.630360588706297,2.869927226245245,20.214272499084473,32.92006301879883
matmul,sycl,4096,bayesian,8,22.935295963287352,21.872384071350098,3.6218809390553037,2.2448650635473943,20.214272499084473,32.77004814147949
matmul,sycl,4096,bayesian,9,22.582579040527342,21.463295459747314,3.6548477017741092,2.2652980747730496,20.214272499084473,32.77004814147949
matmul,sycl,4096,bayesian,10,21.962291145324706,21.259263515472412,2.0878470894817296,1.2940610329474662,20.214272499084473,27.471872329711914
matmul,sycl,4096,bayesian,11,21.933619117736818,21.259263515472412,2.038000873171012,1.2631660279959391,20.214272499084473,27.27782440185547
matmul,sycl,4096,bayesian,12,21.93182716369629,21.250303745269775,2.0385254480385617,1.2634911628673475,20.214272499084473,27.27782440185547
matmul,sycl,4096,bayesian,13,21.93182716369629,21.250303745269775,2.0385254480385617,1.2634911628673475,20.214272499084473,27.27782440185547
matmul,sycl,4096,bayesian,14,21.786265563964843,21.036799430847168,2.0520866171838446,1.2718964625851905,20.214272499084473,27.27782440185547
matmul,sycl,4096,bayesian,15,21.661439990997316,21.036799430847168,1.8198620202209603,1.127962166182193,20.214272499084473,26.50111961364746
matmul,sycl,4096,bayesian,16,21.64858865737915,21.02143955230713,1.8239165004078377,1.1304751590374302,20.214272499084473,26.50111961364746
matmul,sycl,4096,bayesian,17,21.584639930725096,20.918528079986572,1.8390020486679546,1.1398252787192849,20.214272499084473,26.50111961364746
matmul,sycl,4096,bayesian,18,21.584639930725096,20.918528079986572,1.8390020486679546,1.1398252787192849,20.214272499084473,26.50111961364746
matmul,sycl,4096,bayesian,19,21.349529552459718,20.902143955230713,1.1788510891568433,0.7306594749255462,20.214272499084473,24.18278408050537
matmul,sycl,4096,bayesian,20,21.349529552459718,20.902143955230713,1.1788510891568433,0.7306594749255462,20.214272499084473,24.18278408050537
matmul,sycl,4096,random,1,64.20275192260742,64.28825759887695,0.3115329376164141,0.19309011521007904,63.73324775695801,64.70451354980469
matmul,sycl,4096,random,2,38.01574392318726,34.04646348953247,17.00757801387996,10.541406065345244,21.22598361968994,64.70451354980469
matmul,sycl,4096,random,3,30.536652755737304,25.476351737976074,10.98171342518901,6.806536498829891,21.22598361968994,47.52230453491211
matmul,sycl,4096,random,4,27.079474925994873,24.484352111816406,8.163701690924395,5.05991473037185,21.22598361968994,47.52230453491211
matmul,sycl,4096,random,5,26.272511959075928,23.179776191711426,7.7475314421752115,4.8019697378043835,21.22598361968994,45.1517448425293
matmul,sycl,4096,random,6,22.940262413024904,21.97043228149414,2.0441581491844816,1.2669823472073765,21.22598361968994,27.403264045715332
matmul,sycl,4096,random,7,22.940262413024904,21.97043228149414,2.0441581491844816,1.2669823472073765,21.22598361968994,27.403264045715332
matmul,sycl,4096,random,8,22.44520969390869,21.97043228149414,1.4199323544980638,0.8800831912615849,20.531200408935547,24.49561595916748
matmul,sycl,4096,random,9,22.288435173034667,21.97043228149414,1.2471977359012376,0.7730211654584008,20.531200408935547,24.49561595916748
matmul,sycl,4096,random,10,22.057062435150147,21.722111701965332,1.331782738386498,0.8254474931523083,20.531200408935547,24.49561595916748
matmul,sycl,4096,random,11,22.0121600151062,21.497599601745605,1.3456709753357592,0.834055511595288,20.531200408935547,24.49561595916748
matmul,sycl,4096,random,12,22.0121600151062,21.497599601745605,1.3456709753357592,0.834055511595288,20.531200408935547,24.49561595916748
matmul,sycl,4096,random,13,21.777459144592285,21.497599601745605,1.0326714440101519,0.6400563921866763,20.531200408935547,23.748607635498047
matmul,sycl,4096,random,14,21.67715835571289,21.497599601745605,0.928245137685991,0.5753322969646089,20.531200408935547,23.748607635498047
matmul,sycl,4096,random,15,21.482444763183594,21.497599601745605,0.5869099098920234,0.36377053093026446,20.531200408935547,22.14860725402832
matmul,sycl,4096,random,16,21.315481662750244,21.339136123657227,0.7472840562502061,0.46317145666848725,20.196864128112793,22.14860725402832
matmul,sycl,4096,random,17,21.315481662750244,21.339136123657227,0.7472840562502061,0.46317145666848725,20.196864128112793,22.14860725402832
matmul,sycl,4096,random,18,21.315481662750244,21.339136123657227,0.7472840562502061,0.46317145666848725,20.196864128112793,22.14860725402832
matmul,sycl,4096,random,19,21.315481662750244,21.339136123657227,0.7472840562502061,0.46317145666848725,20.196864128112793,22.14860725402832
matmul,sycl,4096,random,20,21.315481662750244,21.339136123657227,0.7472840562502061,0.46317145666848725,20.196864128112793,22.14860725402832
matmul,cuda,4096,bayesian,1,28.745593452453612,27.009103775024414,9.297602091395413,5.762713479803885,17.24448013305664,42.982383728027344
matmul,cuda,4096,bayesian,2,20.829536056518556,20.059328079223633,2.8672415171998797,1.7771347040451,17.24448013305664,26.447792053222656
matmul,cuda,4096,bayesian,3,19.750051164627074,19.784672260284424,2.4946301793313794,1.5461878041503658,15.753759860992432,23.424063682556152
matmul,cuda,4096,bayesian,4,19.203212594985963,19.048303604125977,2.2718868813245368,1.4081300777234698,15.753759860992432,23.424063682556152
matmul,cuda,4096,bayesian,5,18.320529556274415,19.048303604125977,1.625843875183289,1.0077084740210855,15.753759860992432,20.114672660827637
matmul,cuda,4096,bayesian,6,17.978774309158325,18.531647205352783,1.6781523867667272,1.0401296253940107,15.742559909820557,20.114672660827637
matmul,cuda,4096,bayesian,7,17.977531099319457,18.531647205352783,1.6768854958614463,1.0393443982757131,15.742559909820557,20.114672660827637
matmul,cuda,4096,bayesian,8,17.90516152381897,18.24722385406494,1.637530556313921,1.0149519540306235,15.739840030670166,20.114672660827637
matmul,cuda,4096,bayesian,9,17.842123317718507,17.936664581298828,1.6426115377451709,1.018101178948691,15.739840030670166,20.114672660827637
matmul,cuda,4096,bayesian,10,17.815116977691652,17.802696228027344,1.6344395652884045,1.0130361379445403,15.739840030670166,20.114672660827637
matmul,cuda,4096,bayesian,11,17.808089923858642,17.80060863494873,1.6282796046219505,1.009218154767944,15.739840030670166,20.114672660827637
matmul,cuda,4096,bayesian,12,17.742769861221312,17.474400520324707,1.6270724371171477,1.00846994459677,15.739840030670166,20.114672660827637
matmul,cuda,4096,bayesian,13,17.742336130142213,17.47430419921875,1.6267292608607038,1.0082572417493565,15.739840030670166,20.114672660827637
matmul,cuda,4096,bayesian,14,17.592715311050416,17.470255851745605,1.5693376152154743,0.9726855312441316,15.739840030670166,20.114672660827637
matmul,cuda,4096,bayesian,15,17.171195220947265,17.159247875213623,1.5051987094034875,0.9329318255607413,15.739840030670166,20.114672660827637
matmul,cuda,4096,bayesian,16,16.96242070198059,16.417455911636353,1.4300179812133684,0.8863343274635035,15.739840030670166,19.55518341064453
matmul,cuda,4096,bayesian,17,16.96242070198059,16.417455911636353,1.4300179812133684,0.8863343274635035,15.739840030670166,19.55518341064453
matmul,cuda,4096,bayesian,18,16.889372682571413,16.417455911636353,1.3219107330087312,0.8193287608271421,15.739840030670166,19.55518341064453
matmul,cuda,4096,bayesian,19,16.469820737838745,15.875992059707642,1.002423668526883,0.6213086267092925,15.530767917633057,18.3930721282959
matmul,cuda,4096,bayesian,20,16.43006548881531,15.84176778793335,1.0382475834061844,0.6435125191909199,15.416975975036621,18.3930721282959
matmul,cuda,4096,random,1,23.890265798568727,21.714696407318115,8.390239912989728,5.2003245750988984,15.811376094818115,37.04897689819336
matmul,cuda,4096,random,2,18.71598401069641,18.411648273468018,3.0879482629924637,1.9139301623320966,15.531231880187988,23.903568267822266
matmul,cuda,4096,random,3,18.71598401069641,18.411648273468018,3.0879482629924637,1.9139301623320966,15.531231880187988,23.903568267822266
matmul,cuda,4096,random,4,17.92926573753357,16.945087909698486,2.7093387377158122,1.6792655473650717,15.531231880187988,23.903568267822266
matmul,cuda,4096,random,5,16.881496000289918,16.23039984703064,1.4428396389746663,0.8942812732768592,15.531231880187988,19.525824546813965
matmul,cuda,4096,random,6,16.584817552566527,16.23039984703064,1.0152807790115517,0.6292775463482495,15.531231880187988,18.40379238128662
matmul,cuda,4096,random,7,16.56712317466736,16.23039984703064,0.9995220640857959,0.6195101936443643,15.531231880187988,18.40379238128662
matmul,cuda,4096,random,8,16.42256155014038,15.861631870269775,0.9866112963909457,0.6115080169219828,15.531231880187988,18.40379238128662
matmul,cuda,4096,random,9,16.38814878463745,15.833271980285645,1.0138585348733813,0.6283960302986229,15.416095733642578,18.40379238128662
matmul,cuda,4096,random,10,16.356919956207275,15.833271980285645,0.9475131176317725,0.5872747146622758,15.416095733642578,18.091504096984863
matmul,cuda,4096,random,11,16.18157916069031,15.833271980285645,0.8806437272716773,0.5458286371224533,15.416095733642578,18.091504096984863
matmul,cuda,4096,random,12,16.18157916069031,15.833271980285645,0.8806437272716773,0.5458286371224533,15.416095733642578,18.091504096984863
matmul,cuda,4096,random,13,16.18157916069031,15.833271980285645,0.8806437272716773,0.5458286371224533,15.416095733642578,18.091504096984863
matmul,cuda,4096,random,14,16.137755155563354,15.833271980285645,0.8284375451794295,0.5134709102252659,15.416095733642578,18.091504096984863
matmul,cuda,4096,random,15,15.914278316497803,15.833271980285645,0.4641835035990121,0.2877039162353695,15.416095733642578,16.856736183166504
matmul,cuda,4096,random,16,15.914278316497803,15.833271980285645,0.4641835035990121,0.2877039162353695,15.416095733642578,16.856736183166504
matmul,cuda,4096,random,17,15.914278316497803,15.833271980285645,0.4641835035990121,0.2877039162353695,15.416095733642578,16.856736183166504
matmul,cuda,4096,random,18,15.914278316497803,15.833271980285645,0.4641835035990121,0.2877039162353695,15.416095733642578,16.856736183166504
matmul,cuda,4096,random,19,15.736388683319092,15.812903881072998,0.17876564089172323,0.11080009214912553,15.416095733642578,15.947807788848877
matmul,cuda,4096,random,20,15.736388683319092,15.812903881072998,0.17876564089172323,0.11080009214912553,15.416095733642578,15.947807788848877
stencil,sycl,1024,bayesian,1,12.93317265510559,12.951988697052002,1.1588084283687152,0.7182369050672626,11.393406867980957,14.84379768371582
stencil,sycl,1024,bayesian,2,12.316586685180663,12.618090152740479,1.314133213956462,0.8145082045760395,10.216057777404785,13.931509017944336
stencil,sycl,1024,bayesian,3,12.203748512268067,12.584705829620361,1.2038797476713272,0.7461723981916759,10.216057777404785,13.605335712432861
stencil,sycl,1024,bayesian,4,11.588171005249023,11.537727117538452,1.2183194706226574,0.7551222312000464,10.102680683135986,13.456110954284668
stencil,sycl,1024,bayesian,5,11.261772775650025,10.982472658157349,1.0757170187893592,0.6667363158473818,10.102680683135986,13.03408145904541
stencil,sycl,1024,bayesian,6,11.115596723556518,10.890401124954224,0.99267018237995,0.6152633533644557,10.102680683135986,13.03408145904541
stencil,sycl,1024,bayesian,7,11.042738819122315,10.890401124954224,0.9543137816019025,0.5914898098606983,10.102680683135986,13.03408145904541
stencil,sycl,1024,bayesian,8,11.033893823623657,10.890401124954224,0.9614348602109863,0.5959035001098529,10.102680683135986,13.03408145904541
stencil,sycl,1024,bayesian,9,10.916549634933471,10.848670244216919,0.8034573071679231,0.4979879982978086,10.102680683135986,12.678793907165527
stencil,sycl,1024,bayesian,10,10.791101264953614,10.848670244216919,0.5582547993097196,0.346009909385626,10.102680683135986,11.734858512878418
stencil,sycl,1024,bayesian,11,10.707512760162354,10.601585149765015,0.6172062622107461,0.38254840464219364,9.95831298828125,11.734858512878418
stencil,sycl,1024,bayesian,12,10.707512760162354,10.601585149765015,0.6172062622107461,0.38254840464219364,9.95831298828125,11.734858512878418
stencil,sycl,1024,bayesian,13,10.582275342941283,10.601585149765015,0.6156557730055839,0.3815874014765335,9.581178188323975,11.424310207366943
stencil,sycl,1024,bayesian,14,10.494824123382568,10.424912929534912,0.5402512978671126,0.33485122358394,9.581178188323975,11.176127910614014
stencil,sycl,1024,bayesian,15,10.38787808418274,10.286516427993774,0.5379317908335821,0.33341357823009155,9.581178188323975,11.176127910614014
stencil,sycl,1024,bayesian,16,10.353436708450317,10.286516427993774,0.4953791292135402,0.307039165310626,9.581178188323975,11.176127910614014
stencil,sycl,1024,bayesian,17,10.28026204109192,10.187842845916748,0.516735344763479,0.3202758848451312,9.581178188323975,11.176127910614014
stencil,sycl,1024,bayesian,18,10.205602025985717,10.126955032348633,0.46919913360937077,0.29081263592312123,9.581178188323975,11.176127910614014
stencil,sycl,1024,bayesian,19,10.174819326400756,10.030496835708618,0.4827533640598315,0.29921363499335735,9.581178188323975,11.176127910614014
stencil,sycl,1024,bayesian,20,10.174819326400756,10.030496835708618,0.4827533640598315,0.29921363499335735,9.581178188323975,11.176127910614014
stencil,sycl,1024,random,1,13.179161787033081,13.249597311019897,1.2930554816528985,0.801444090745888,11.092803955078125,14.86190938949585
stencil,sycl,1024,random,2,11.744447469711304,11.499086856842041,1.0694080128486558,0.6628259534527271,10.352529525756836,13.562664031982422
stencil,sycl,1024,random,3,11.657277393341065,11.499086856842041,0.9855805121961942,0.6108691302590055,10.352529525756836,13.562664031982422
stencil,sycl,1024,random,4,11.322643852233886,11.189918279647827,0.7892357740648464,0.48917340075846855,10.352529525756836,12.623199462890625
stencil,sycl,1024,random,5,11.184167337417602,11.189918279647827,0.6045800701559828,0.37472260972890997,10.352529525756836,12.09046220779419
stencil,sycl,1024,random,6,10.984742689132691,10.80517029762268,0.5679151044286205,0.3519974285309364,10.352529525756836,12.09046220779419
stencil,sycl,1024,random,7,10.984742689132691,10.80517029762268,0.5679151044286205,0.3519974285309364,10.352529525756836,12.09046220779419
stencil,sycl,1024,random,8,10.929735898971558,10.80517029762268,0.5119513189720204,0.31731071493947544,10.352529525756836,12.09046220779419
stencil,sycl,1024,random,9,10.927040481567383,10.80517029762268,0.5099280969539488,0.3160567089407709,10.352529525756836,12.09046220779419
stencil,sycl,1024,random,10,10.922655820846558,10.80517029762268,0.5141592777844763,0.31867922198960685,10.352529525756836,12.09046220779419
stencil,sycl,1024,random,11,10.870628356933594,10.66739797592163,0.5213025862868467,0.32310669046936724,10.352529525756836,12.09046220779419
stencil,sycl,1024,random,12,10.841998052597045,10.66739797592163,0.48729874086473907,0.3020308887246899,10.352529525756836,12.013812065124512
stencil,sycl,1024,random,13,10.830379819869995,10.66739797592163,0.49574904890245286,0.3072684439092138,10.352529525756836,12.013812065124512
stencil,sycl,1024,random,14,10.768667078018188,10.66739797592163,0.5786967995598509,0.35867999240677473,9.841089248657227,12.013812065124512
stencil,sycl,1024,random,15,10.453080892562866,10.50663447380066,0.4792277938946582,0.29702846396591137,9.736336708068848,11.176599502563477
stencil,sycl,1024,random,16,10.44689211845398,10.50663447380066,0.4759845719789027,0.29501829419652364,9.736336708068848,11.176599502563477
stencil,sycl,1024,random,17,10.429300117492676,10.438234090805054,0.46890865263937653,0.29063259395262636,9.736336708068848,11.176599502563477
stencil,sycl,1024,random,18,10.388059854507446,10.404438257217407,0.4875696055305369,0.3021987723838799,9.736336708068848,11.176599502563477
stencil,sycl,1024,random,19,10.374984216690063,10.404438257217407,0.4821247959526808,0.2988240444442625,9.736336708068848,11.176599502563477
stencil,sycl,1024,random,20,10.374984216690063,10.404438257217407,0.4821247959526808,0.2988240444442625,9.736336708068848,11.176599502563477
stencil,cuda,1024,bayesian,1,10.433663988113404,10.412168264389038,2.5432769010275327,1.5763393546373599,6.099136114120483,14.3777756690979
stencil,cuda,1024,bayesian,2,7.845406413078308,7.368175983428955,1.399104307347047,0.8671738338923085,6.099136114120483,9.81438398361206
stencil,cuda,1024,bayesian,3,7.319996738433838,6.890920042991638,1.0986755620856317,0.6809661684082406,6.099136114120483,9.477359771728516
stencil,cuda,1024,bayesian,4,7.056483197212219,6.883304119110107,0.787467640073368,0.488077499956667,6.099136114120483,9.034623622894287
stencil,cuda,1024,bayesian,5,7.056483197212219,6.883304119110107,0.787467640073368,0.488077499956667,6.099136114120483,9.034623622894287
stencil,cuda,1024,bayesian,6,7.056483197212219,6.883304119110107,0.787467640073368,0.488077499956667,6.099136114120483,9.034623622894287
stencil,cuda,1024,bayesian,7,6.900499248504639,6.8054399490356445,0.48508883653953366,0.3006611758332634,6.099136114120483,7.826848030090332
stencil,cuda,1024,bayesian,8,6.860641670227051,6.778648018836975,0.5095485793471124,0.315821481491022,6.099136114120483,7.826848030090332
stencil,cuda,1024,bayesian,9,6.533838438987732,6.626335978507996,0.6953780617331413,0.4309997879580205,5.514303922653198,7.826848030090332
stencil,cuda,1024,bayesian,10,6.300212836265564,6.460240006446838,0.598390056733394,0.37088599966108055,5.490592002868652,6.976144075393677
stencil,cuda,1024,bayesian,11,6.149260830879212,6.252872109413147,0.5993290816217062,0.37146801331670426,5.466624021530151,6.960912227630615
stencil,cuda,1024,bayesian,12,6.149260830879212,6.252872109413147,0.5993290816217062,0.37146801331670426,5.466624021530151,6.960912227630615
stencil,cuda,1024,bayesian,13,6.149260830879212,6.252872109413147,0.5993290816217062,0.37146801331670426,5.466624021530151,6.960912227630615
stencil,cuda,1024,bayesian,14,6.149260830879212,6.252872109413147,0.5993290816217062,0.37146801331670426,5.466624021530151,6.960912227630615
stencil,cuda,1024,bayesian,15,6.005547213554382,5.824648022651672,0.5536420133416179,0.34315087502208497,5.466624021530151,6.751600027084351
stencil,cuda,1024,bayesian,16,5.923310399055481,5.567199945449829,0.5485026423078627,0.3399654598534424,5.466624021530151,6.751600027084351
stencil,cuda,1024,bayesian,17,5.923310399055481,5.567199945449829,0.5485026423078627,0.3399654598534424,5.466624021530151,6.751600027084351
stencil,cuda,1024,bayesian,18,5.899060821533203,5.567199945449829,0.5754427319798768,0.35666310042506005,5.227440118789673,6.751600027084351
stencil,cuda,1024,bayesian,19,5.802351999282837,5.53057599067688,0.6110726977922832,0.3787467820296026,5.227440118789673,6.751600027084351
stencil,cuda,1024,bayesian,20,5.802351999282837,5.53057599067688,0.6110726977922832,0.3787467820296026,5.227440118789673,6.751600027084351
stencil,cuda,1024,random,1,10.318304085731507,9.734872102737427,2.1979017718992044,1.3622736318141848,7.13319993019104,13.022016048431396
stencil,cuda,1024,random,2,9.78506405353546,9.388240098953247,1.9786847395400826,1.2264015074792836,7.13319993019104,12.74182415008545
stencil,cuda,1024,random,3,9.052136039733886,8.679912090301514,1.8736976697703696,1.1613298474727802,7.13319993019104,12.627295970916748
stencil,cuda,1024,random,4,8.149204850196838,8.260128259658813,1.710603401356828,1.0602429726176732,5.587568044662476,11.647151947021484
stencil,cuda,1024,random,5,7.5055008172988895,7.4722959995269775,1.322955110687174,0.8199760728186005,5.587568044662476,9.14907169342041
stencil,cuda,1024,random,6,7.2253584384918215,7.151695966720581,1.2567078732249692,0.778915609639979,5.36628794670105,8.922080039978027
stencil,cuda,1024,random,7,7.025556802749634,7.151695966720581,1.0037511146728586,0.6221313863546216,5.36628794670105,8.372496128082275
stencil,cuda,1024,random,8,6.903179240226746,6.91484808921814,0.933377208481702,0.578513187398834,5.36628794670105,8.372496128082275
stencil,cuda,1024,random,9,6.870680022239685,6.885576009750366,0.9220432877243332,0.5714883505338574,5.36628794670105,8.372496128082275
stencil,cuda,1024,random,10,6.870680022239685,6.885576009750366,0.9220432877243332,0.5714883505338574,5.36628794670105,8.372496128082275
stencil,cuda,1024,random,11,6.753067207336426,6.635599970817566,0.8815778544477515,0.5464076151445819,5.36628794670105,8.372496128082275
stencil,cuda,1024,random,12,6.753067207336426,6.635599970817566,0.8815778544477515,0.5464076151445819,5.36628794670105,8.372496128082275
stencil,cuda,1024,random,13,6.476975965499878,6.497007966041565,0.5969528012736147,0.3699951794979272,5.36628794670105,7.164911985397339
stencil,cuda,1024,random,14,6.476975965499878,6.497007966041565,0.5969528012736147,0.3699951794979272,5.36628794670105,7.164911985397339
stencil,cuda,1024,random,15,6.476975965499878,6.497007966041565,0.5969528012736147,0.3699951794979272,5.36628794670105,7.164911985397339
stencil,cuda,1024,random,16,6.476975965499878,6.497007966041565,0.5969528012736147,0.3699951794979272,5.36628794670105,7.164911985397339
stencil,cuda,1024,random,17,6.476975965499878,6.497007966041565,0.5969528012736147,0.3699951794979272,5.36628794670105,7.164911985397339
stencil,cuda,1024,random,18,6.3300800085067745,6.373216152191162,0.6201648370227306,0.38438214830883316,5.36628794670105,7.164911985397339
stencil,cuda,1024,random,19,6.3300800085067745,6.373216152191162,0.6201648370227306,0.38438214830883316,5.36628794670105,7.164911985397339
stencil,cuda,1024,random,20,6.3300800085067745,6.373216152191162,0.6201648370227306,0.38438214830883316,5.36628794670105,7.164911985397339
stencil,sycl,2048,bayesian,1,43.010749626159665,43.107038497924805,0.2617558528513759,0.16223795843448463,42.61269569396973,43.28188133239746
stencil,sycl,2048,bayesian,2,38.90660915374756,42.93544960021973,5.78512176366197,3.5856556176581,29.222851753234863,43.28188133239746
stencil,sycl,2048,bayesian,3,36.32017498016357,35.19376754760742,5.234637923867242,3.24446219888025,29.222851753234863,43.28188133239746
stencil,sycl,2048,bayesian,4,33.757598304748534,33.73019218444824,4.0269135484610725,2.4959068757306535,29.222851753234863,43.15443229675293
stencil,sycl,2048,bayesian,5,30.899932289123534,29.805583477020264,3.0656130336443406,1.9000866437588444,28.918941497802734,38.2607479095459
stencil,sycl,2048,bayesian,6,30.168672561645508,29.805583477020264,1.7770360010578037,1.1014183245021687,28.650959014892578,34.556800842285156
stencil,sycl,2048,bayesian,7,29.7440336227417,29.449363231658936,1.0163692812556724,0.6299522070288561,28.62126064300537,31.680686950683594
stencil,sycl,2048,bayesian,8,29.71344871520996,29.449363231658936,1.0169678480813067,0.6303232025910172,28.62126064300537,31.680686950683594
stencil,sycl,2048,bayesian,9,29.694402122497557,29.449363231658936,1.0317674653763682,0.6394961004246552,28.62126064300537,31.680686950683594
stencil,sycl,2048,bayesian,10,29.694402122497557,29.449363231658936,1.0317674653763682,0.6394961004246552,28.62126064300537,31.680686950683594
stencil,sycl,2048,bayesian,11,29.32326421737671,28.99708318710327,0.778317114698688,0.48240594557032074,28.62126064300537,31.128928184509277
stencil,sycl,2048,bayesian,12,29.279926776885986,28.965455532073975,0.7664334305065712,0.47504036179824016,28.61091709136963,31.128928184509277
stencil,sycl,2048,bayesian,13,29.21630802154541,28.965455532073975,0.7566215023200978,0.468958865702017,28.60966205596924,31.128928184509277
stencil,sycl,2048,bayesian,14,29.20361785888672,28.965455532073975,0.7212141984997995,0.4470131914299832,28.60966205596924,31.002026557922363
stencil,sycl,2048,bayesian,15,29.13363161087036,28.872905254364014,0.7683094407610886,0.47620312500058926,28.368183135986328,31.002026557922363
stencil,sycl,2048,bayesian,16,29.085511302948,28.872905254364014,0.8116275550958628,0.5030519704279186,28.270517349243164,31.002026557922363
stencil,sycl,2048,bayesian,17,29.031582736968993,28.872905254364014,0.8727672150895736,0.5409467242938053,27.92957305908203,31.002026557922363
stencil,sycl,2048,bayesian,18,28.802323436737062,28.74606466293335,0.6736848547655888,0.4175541989789241,27.92957305908203,29.83119487762451
stencil,sycl,2048,bayesian,19,28.75302743911743,28.74606466293335,0.641699590374754,0.3977295267195317,27.92957305908203,29.83119487762451
stencil,sycl,2048,bayesian,20,28.6589075088501,28.610830783843994,0.6174803075540289,0.3827182597057131,27.92957305908203,29.83119487762451
stencil,sycl,2048,random,1,42.95441932678223,43.11971187591553,0.33751595745530794,0.20919455775340723,42.43708419799805,43.34537315368652
stencil,sycl,2048,random,2,36.381368255615236,35.28478717803955,5.680474577470572,3.520794619675962,29.255637168884277,43.26240348815918
stencil,sycl,2048,random,3,33.652345752716066,31.482905864715576,5.557670394839554,3.4446797987073383,28.453539848327637,43.26240348815918
stencil,sycl,2048,random,4,30.896139240264894,30.302898406982422,2.506761216989332,1.553706699188925,28.453539848327637,35.622764587402344
stencil,sycl,2048,random,5,30.56559772491455,30.302898406982422,2.179816819456301,1.351064462159486,28.453539848327637,35.622764587402344
stencil,sycl,2048,random,6,30.063925075531007,29.840731620788574,1.5882837926644584,0.9844284936878632,28.453539848327637,32.55050849914551
stencil,sycl,2048,random,7,29.54685297012329,29.106056690216064,1.3771270015660244,0.8535521586443131,28.011539459228516,32.4799919128418
stencil,sycl,2048,random,8,29.276797389984132,28.823567390441895,1.0735518085810065,0.665394304656579,28.011539459228516,31.070332527160645
stencil,sycl,2048,random,9,29.276797389984132,28.823567390441895,1.0735518085810065,0.665394304656579,28.011539459228516,31.070332527160645
stencil,sycl,2048,random,10,29.276797389984132,28.823567390441895,1.0735518085810065,0.665394304656579,28.011539459228516,31.070332527160645
stencil,sycl,2048,random,11,29.142619037628172,28.823567390441895,0.8931774926928076,0.5535971454147035,28.011539459228516,30.532418251037598
stencil,sycl,2048,random,12,29.142619037628172,28.823567390441895,0.8931774926928076,0.5535971454147035,28.011539459228516,30.532418251037598
stencil,sycl,2048,random,13,29.142619037628172,28.823567390441895,0.8931774926928076,0.5535971454147035,28.011539459228516,30.532418251037598
stencil,sycl,2048,random,14,28.993126010894777,28.823567390441895,0.7536663862461227,0.4671272657834056,28.011539459228516,30.532418251037598
stencil,sycl,2048,random,15,28.826805591583252,28.716099739074707,0.5293409720946386,0.32808893361067104,28.011539459228516,29.728549003601074
stencil,sycl,2048,random,16,28.68897714614868,28.595988273620605,0.4824190763825126,0.29900644134436255,28.011539459228516,29.728549003601074
stencil,sycl,2048,random,17,28.67993860244751,28.595988273620605,0.47842456531762395,0.2965306177360192,28.011539459228516,29.728549003601074
stencil,sycl,2048,random,18,28.663372898101805,28.578632354736328,0.47738127356371246,0.29588397880755846,28.011539459228516,29.728549003601074
stencil,sycl,2048,random,19,28.635556316375734,28.578632354736328,0.4992374024704599,0.30943054785075375,28.011539459228516,29.728549003601074
stencil,sycl,2048,random,20,28.426999282836913,28.49744462966919,0.22067206293329072,0.1367739616280943,28.011539459228516,28.65062713623047
stencil,cuda,2048,bayesian,1,21.266168117523193,22.753040313720703,3.857685339602821,2.391018145199473,15.753520011901855,25.306848526000977
stencil,cuda,2048,bayesian,2,18.746836853027343,18.060680389404297,2.7306597611587513,1.692480454605676,15.753520011901855,24.459360122680664
stencil,cuda,2048,bayesian,3,17.778964900970458,16.886112213134766,2.1356186519035654,1.3236701540964968,15.753520011901855,23.128640174865723
stencil,cuda,2048,bayesian,4,17.68287048339844,16.886112213134766,2.000121234557724,1.2396879847433766,15.753520011901855,22.609936714172363
stencil,cuda,2048,bayesian,5,17.610916805267333,16.886112213134766,1.9805469343055844,1.2275557077528259,15.753520011901855,22.609936714172363
stencil,cuda,2048,bayesian,6,17.088643264770507,16.886112213134766,0.9816476292901953,0.6084315041792805,15.753520011901855,19.45019245147705
stencil,cuda,2048,bayesian,7,16.728942394256592,16.774735927581787,0.6434659289703146,0.3988243147234145,15.627455711364746,17.774431228637695
stencil,cuda,2048,bayesian,8,16.706382274627686,16.748783588409424,0.6378906545920295,0.3953687238627255,15.627455711364746,17.774431228637695
stencil,cuda,2048,bayesian,9,16.628644704818726,16.74123191833496,0.6760919355127843,0.41904612308284733,15.627455711364746,17.774431228637695
stencil,cuda,2048,bayesian,10,16.592273473739624,16.667783737182617,0.636058615804149,0.39423321445775616,15.627455711364746,17.557615280151367
stencil,cuda,2048,bayesian,11,16.59163193702698,16.664576053619385,0.6360664069415409,0.39423804345474156,15.627455711364746,17.557615280151367
stencil,cuda,2048,bayesian,12,16.58988137245178,16.655823230743408,0.6361205816003479,0.39427162125614695,15.627455711364746,17.557615280151367
stencil,cuda,2048,bayesian,13,16.58988137245178,16.655823230743408,0.6361205816003479,0.39427162125614695,15.627455711364746,17.557615280151367
stencil,cuda,2048,bayesian,14,16.58470058441162,16.655823230743408,0.6416976653978891,0.39772833360650983,15.627455711364746,17.557615280151367
stencil,cuda,2048,bayesian,15,16.454930973052978,16.54924774169922,0.637982031300317,0.3954253597332879,15.627455711364746,17.557615280151367
stencil,cuda,2048,bayesian,16,16.454930973052978,16.54924774169922,0.637982031300317,0.3954253597332879,15.627455711364746,17.557615280151367
stencil,cuda,2048,bayesian,17,16.454930973052978,16.54924774169922,0.637982031300317,0.3954253597332879,15.627455711364746,17.557615280151367
stencil,cuda,2048,bayesian,18,16.454930973052978,16.54924774169922,0.637982031300317,0.3954253597332879,15.627455711364746,17.557615280151367
stencil,cuda,2048,bayesian,19,16.454930973052978,16.54924774169922,0.637982031300317,0.3954253597332879,15.627455711364746,17.557615280151367
stencil,cuda,2048,bayesian,20,16.312830257415772,16.39628028869629,0.5189321205538241,0.3216374605863478,15.627455711364746,17.13576030731201
stencil,cuda,2048,random,1,21.85239028930664,23.600200176239014,2.9344504312043935,1.8187912205199477,17.35806369781494,24.411952018737793
stencil,cuda,2048,random,2,20.344111919403076,20.095463752746582,3.119881255884156,1.9337224363806644,16.77734375,23.907360076904297
stencil,cuda,2048,random,3,19.583041667938232,17.919600009918213,3.0749625057799586,1.9058815066251351,16.363536834716797,23.907360076904297
stencil,cuda,2048,random,4,18.249769687652588,17.440608024597168,2.1841319597412996,1.35373901381734,16.363536834716797,22.71448040008545
stencil,cuda,2048,random,5,17.325385761260986,16.86191177368164,1.559343510792373,0.9664911211466212,16.305312156677246,21.61953639984131
stencil,cuda,2048,random,6,16.841916942596434,16.7810959815979,0.3942644078523,0.24436761171356516,16.305312156677246,17.638848304748535
stencil,cuda,2048,random,7,16.841916942596434,16.7810959815979,0.3942644078523,0.24436761171356516,16.305312156677246,17.638848304748535
stencil,cuda,2048,random,8,16.79929609298706,16.7810959815979,0.3132571341592131,0.19415878329904945,16.305312156677246,17.2423677444458
stencil,cuda,2048,random,9,16.675734519958496,16.691440105438232,0.3244149451631242,0.2010744662079631,16.189807891845703,17.212639808654785
stencil,cuda,2048,random,10,16.675734519958496,16.691440105438232,0.3244149451631242,0.2010744662079631,16.189807891845703,17.212639808654785
stencil,cuda,2048,random,11,16.675734519958496,16.691440105438232,0.3244149451631242,0.2010744662079631,16.189807891845703,17.212639808654785
stencil,cuda,2048,random,12,16.461646604537965,16.351232528686523,0.3508556412285814,0.21746257941543418,15.880992412567139,16.97755241394043
stencil,cuda,2048,random,13,16.461646604537965,16.351232528686523,0.3508556412285814,0.21746257941543418,15.880992412567139,16.97755241394043
stencil,cuda,2048,random,14,16.461646604537965,16.351232528686523,0.3508556412285814,0.21746257941543418,15.880992412567139,16.97755241394043
stencil,cuda,2048,random,15,16.461646604537965,16.351232528686523,0.3508556412285814,0.21746257941543418,15.880992412567139,16.97755241394043
stencil,cuda,2048,random,16,16.43271861076355,16.351232528686523,0.33701380079678767,0.2088833178319111,15.880992412567139,16.97755241394043
stencil,cuda,2048,random,17,16.43271861076355,16.351232528686523,0.33701380079678767,0.2088833178319111,15.880992412567139,16.97755241394043
stencil,cuda,2048,random,18,16.426235342025755,16.33442449569702,0.33963199574233327,0.21050609187161898,15.880992412567139,16.97755241394043
stencil,cuda,2048,random,19,16.426235342025755,16.33442449569702,0.33963199574233327,0.21050609187161898,15.880992412567139,16.97755241394043
stencil,cuda,2048,random,20,16.422620916366576,16.31881618499756,0.34125034092317796,0.21150915260673694,15.880992412567139,16.97755241394043
stencil,sycl,4096,bayesian,1,120.21328468322754,124.36652374267578,14.153423708350848,8.772382899131815,93.56326675415039,133.34848022460938
stencil,sycl,4096,bayesian,2,100.76770782470703,104.73046493530273,15.960062339934877,9.892149124124263,73.41968536376953,118.67985153198242
stencil,sycl,4096,bayesian,3,94.62402420043945,96.409423828125,15.66328369168192,9.708203812204745,73.41968536376953,115.92881393432617
stencil,sycl,4096,bayesian,4,85.24740524291992,80.85298538208008,12.872563436821205,7.978497477930557,72.54948425292969,110.69591522216797
stencil,sycl,4096,bayesian,5,80.65748443603516,76.54245376586914,9.284623039589508,5.754668980150993,72.54948425292969,99.25558090209961
stencil,sycl,4096,bayesian,6,79.59200744628906,76.54245376586914,8.185308331965313,5.073306665233746,72.54948425292969,99.25558090209961
stencil,sycl,4096,bayesian,7,75.89879722595215,73.96899795532227,4.297572169066728,2.6636628267874114,72.17302703857422,84.02028274536133
stencil,sycl,4096,bayesian,8,74.77748107910156,73.3407154083252,3.2891873550487802,2.038659443823899,72.17302703857422,82.90849685668945
stencil,sycl,4096,bayesian,9,74.58673629760742,73.3407154083252,2.845352471693559,1.763567733082119,72.17302703857422,81.3526840209961
stencil,sycl,4096,bayesian,10,73.96436462402343,73.3407154083252,1.6315608198350775,1.0112518730270124,72.09859085083008,76.6331901550293
stencil,sycl,4096,bayesian,11,73.52187957763672,73.07599830627441,1.4126798830006098,0.8755880628564932,72.09859085083008,76.39406967163086
stencil,sycl,4096,bayesian,12,73.52187957763672,73.07599830627441,1.4126798830006098,0.8755880628564932,72.09859085083008,76.39406967163086
stencil,sycl,4096,bayesian,13,73.49463081359863,72.93975448608398,1.4208593368854237,0.8806577408977887,72.09859085083008,76.39406967163086
stencil,sycl,4096,bayesian,14,73.14032020568848,72.83469581604004,1.3044777756898327,0.8085237019370187,72.01004028320312,76.39406967163086
stencil,sycl,4096,bayesian,15,73.13933982849122,72.83469581604004,1.3049747443225284,0.8088317262867945,72.01004028320312,76.39406967163086
stencil,sycl,4096,bayesian,16,73.13933982849122,72.83469581604004,1.3049747443225284,0.8088317262867945,72.01004028320312,76.39406967163086
stencil,sycl,4096,bayesian,17,73.13070678710938,72.79153060913086,1.3070895256215376,0.8101424813157622,72.01004028320312,76.39406967163086
stencil,sycl,4096,bayesian,18,73.13070678710938,72.79153060913086,1.3070895256215376,0.8101424813157622,72.01004028320312,76.39406967163086
stencil,sycl,4096,bayesian,19,72.79192390441895,72.79153060913086,0.6319777853520478,0.3917038895389277,72.01004028320312,74.0643424987793
stencil,sycl,4096,bayesian,20,72.79192390441895,72.79153060913086,0.6319777853520478,0.3917038895389277,72.01004028320312,74.0643424987793
stencil,sycl,4096,random,1,124.28500175476074,131.37342071533203,14.680999231770388,9.099377596317021,93.2311897277832,134.44514846801758
stencil,sycl,4096,random,2,98.90858154296875,106.81574821472168,22.6455321398057,14.035846236113187,71.90276718139648,131.76663970947266
stencil,sycl,4096,random,3,88.85774612426758,78.89829635620117,20.087387989183757,12.450292064708762,71.90276718139648,122.65151596069336
stencil,sycl,4096,random,4,80.31408081054687,74.1970329284668,13.772702590935017,8.536409505797565,71.90276718139648,117.48236846923828
stencil,sycl,4096,random,5,80.00500373840332,74.1970329284668,12.84967053918164,7.964308312969263,71.90276718139648,114.39159774780273
stencil,sycl,4096,random,6,76.02068481445312,74.1970329284668,4.07043732238524,2.5228831902921103,71.90276718139648,85.72810745239258
stencil,sycl,4096,random,7,74.87046165466309,74.05594825744629,2.2329176657260534,1.3839767076588811,71.90276718139648,79.75023651123047
stencil,sycl,4096,random,8,74.81115646362305,74.05594825744629,2.198240712254243,1.3624837092227067,71.90276718139648,79.75023651123047
stencil,sycl,4096,random,9,74.81115646362305,74.05594825744629,2.198240712254243,1.3624837092227067,71.90276718139648,79.75023651123047
stencil,sycl,4096,random,10,74.81115646362305,74.05594825744629,2.198240712254243,1.3624837092227067,71.90276718139648,79.75023651123047
stencil,sycl,4096,random,11,74.67269783020019,74.04866981506348,2.2218151699345636,1.3770953094738272,71.56009292602539,79.75023651123047
stencil,sycl,4096,random,12,74.529545211792,73.84451484680176,2.2789840195200077,1.412528929550536,71.56009292602539,79.75023651123047
stencil,sycl,4096,random,13,74.529545211792,73.84451484680176,2.2789840195200077,1.412528929550536,71.56009292602539,79.75023651123047
stencil,sycl,4096,random,14,74.35323753356934,73.84451484680176,2.1804338847371905,1.3514469231830002,71.56009292602539,79.75023651123047
stencil,sycl,4096,random,15,73.53274574279786,73.84451484680176,1.5219849403733512,0.9433360393068487,70.51409149169922,75.7102279663086
stencil,sycl,4096,random,16,73.04579658508301,73.23767471313477,1.2752461872999428,0.7904057757454479,70.51409149169922,74.68155288696289
stencil,sycl,4096,random,17,72.79531898498536,73.04100608825684,1.4342728221053473,0.8889715051703575,70.51409149169922,74.68155288696289
stencil,sycl,4096,random,18,72.77047424316406,73.04100608825684,1.4086622471950687,0.8730979063854003,70.51409149169922,74.68155288696289
stencil,sycl,4096,random,19,72.0831413269043,72.28279304504395,1.5961297202140063,0.9892914499648572,69.46840286254883,73.9774284362793
stencil,sycl,4096,random,20,72.05972633361816,72.28279304504395,1.5666992878428831,0.9710502789968626,69.46840286254883,73.87146377563477
stencil,cuda,4096,bayesian,1,88.2816722869873,91.90836715698242,17.882692770228484,11.083807810785832,65.48788833618164,108.56705856323242
stencil,cuda,4096,bayesian,2,75.68182563781738,72.83790397644043,12.0869505907657,7.491569591216523,65.48788833618164,104.5656623840332
stencil,cuda,4096,bayesian,3,72.43342590332031,67.42568969726562,10.764739797976677,6.672054851410755,65.41011047363281,100.23313522338867
stencil,cuda,4096,bayesian,4,71.75320968627929,67.42568969726562,10.651180830403618,6.601670274102212,65.41011047363281,100.23313522338867
stencil,cuda,4096,bayesian,5,71.44814529418946,67.0965690612793,10.746530433491914,6.660768570373613,65.41011047363281,100.23313522338867
stencil,cuda,4096,bayesian,6,68.56188621520997,67.0965690612793,3.939337700337184,2.4416268027045294,65.41011047363281,78.62042999267578
stencil,cuda,4096,bayesian,7,67.23561477661133,67.05864906311035,1.8581400968518642,1.1516871638766006,65.25352096557617,70.53268814086914
stencil,cuda,4096,bayesian,8,67.12515716552734,67.05864906311035,1.9420021350418366,1.2036653936578507,65.25352096557617,70.53268814086914
stencil,cuda,4096,bayesian,9,66.86681480407715,66.39132118225098,1.778497117172729,1.1023239336526003,65.25352096557617,70.23054504394531
stencil,cuda,4096,bayesian,10,66.64228172302246,65.57134437561035,1.880680810007965,1.1656580426335297,64.88251113891602,70.23054504394531
stencil,cuda,4096,bayesian,11,66.61142272949219,65.47816848754883,1.9052864813524115,1.1809087957355036,64.76027297973633,70.23054504394531
stencil,cuda,4096,bayesian,12,66.59586601257324,65.44899940490723,1.9181810148602583,1.188900910404534,64.7056655883789,70.23054504394531
stencil,cuda,4096,bayesian,13,66.42133979797363,65.44899940490723,1.7152010145963494,1.0630926028266101,64.7056655883789,70.23054504394531
stencil,cuda,4096,bayesian,14,66.4030632019043,65.44899940490723,1.7030455572868186,1.0555585723311944,64.7056655883789,70.23054504394531
stencil,cuda,4096,bayesian,15,65.87189636230468,65.3486328125,1.0732268622041987,0.6651929008056252,64.7056655883789,67.6980972290039
stencil,cuda,4096,bayesian,16,65.87189636230468,65.3486328125,1.0732268622041987,0.6651929008056252,64.7056655883789,67.6980972290039
stencil,cuda,4096,bayesian,17,65.87189636230468,65.3486328125,1.0732268622041987,0.6651929008056252,64.7056655883789,67.6980972290039
stencil,cuda,4096,bayesian,18,65.81224327087402,65.29829597473145,1.1199403076421244,0.6941461942534433,64.7056655883789,67.6980972290039
stencil,cuda,4096,bayesian,19,65.7938835144043,65.26016807556152,1.1282692102703158,0.6993085015855532,64.7056655883789,67.6980972290039
stencil,cuda,4096,bayesian,20,65.7938835144043,65.26016807556152,1.1282692102703158,0.6993085015855532,64.7056655883789,67.6980972290039
stencil,cuda,4096,random,1,91.8929832458496,98.41026496887207,13.79872413933924,8.55253782859309,68.07022476196289,107.09037017822266
stencil,cuda,4096,random,2,84.46765823364258,79.7761287689209,14.432381773343105,8.945282899113382,67.08205032348633,103.27619552612305
stencil,cuda,4096,random,3,81.41284561157227,78.04986381530762,14.415377438636263,8.934743503270566,67.08205032348633,103.27619552612305
stencil,cuda,4096,random,4,73.58374404907227,69.41658210754395,10.486781042939926,6.4997742301565715,67.08205032348633,98.53395462036133
stencil,cuda,4096,random,5,69.81637115478516,67.9050235748291,5.38220709583743,3.3359265192670207,65.29792022705078,84.06512069702148
stencil,cuda,4096,random,6,67.58001251220703,67.41024971008301,2.1826291009157104,1.3528075322667925,65.16003036499023,70.82283020019531
stencil,cuda,4096,random,7,67.21203956604003,67.10775947570801,1.8638878036421929,1.1552496294535306,65.16003036499023,70.82283020019531
stencil,cuda,4096,random,8,67.21203956604003,67.10775947570801,1.8638878036421929,1.1552496294535306,65.16003036499023,70.82283020019531
stencil,cuda,4096,random,9,66.49160118103028,66.27090454101562,1.5715134741240924,0.9740341425677381,64.28425598144531,69.356689453125
stencil,cuda,4096,random,10,66.30599632263184,66.27090454101562,1.2776641031741487,0.7919044155306688,64.28425598144531,68.07159805297852
stencil,cuda,4096,random,11,65.97028884887695,65.44608688354492,1.3000955113798367,0.8058075463774419,64.28425598144531,68.07159805297852
stencil,cuda,4096,random,12,65.97028884887695,65.44608688354492,1.3000955113798367,0.8058075463774419,64.28425598144531,68.07159805297852
stencil,cuda,4096,random,13,65.91438179016113,65.44608688354492,1.2254924725193874,0.7595681038363038,64.28425598144531,68.07159805297852
stencil,cuda,4096,random,14,65.91438179016113,65.44608688354492,1.2254924725193874,0.7595681038363038,64.28425598144531,68.07159805297852
stencil,cuda,4096,random,15,65.91438179016113,65.44608688354492,1.2254924725193874,0.7595681038363038,64.28425598144531,68.07159805297852
stencil,cuda,4096,random,16,65.84129066467285,65.44608688354492,1.097665555554612,0.6803401598746658,64.28425598144531,67.3406867980957
stencil,cuda,4096,random,17,65.84129066467285,65.44608688354492,1.097665555554612,0.6803401598746658,64.28425598144531,67.3406867980957
stencil,cuda,4096,random,18,65.65228729248047,65.31485557556152,1.0000427474389315,0.6198329165301502,64.28425598144531,67.3406867980957
stencil,cuda,4096,random,19,65.65228729248047,65.31485557556152,1.0000427474389315,0.6198329165301502,64.28425598144531,67.3406867980957
stencil,cuda,4096,random,20,65.65228729248047,65.31485557556152,1.0000427474389315,0.6198329165301502,64.28425598144531,67.3406867980957
