kernel,size,config,source,paired_measurements,sycl_time_ms,cuda_time_ms,efficiency_pct,median_efficiency_pct,std_efficiency_pct,ci95_efficiency_pct
matmul,1024,default,20-pair validation,200,3.466521587371826,0.44182559847831726,12.87540219734552,12.561102364288708,1.8281342276266823,0.25336647741771545
matmul,1024,random,20-pair validation,200,3.137838076353073,0.40098864063620565,12.998752520772962,12.46883095491627,2.347282700303789,0.3253167848903492
matmul,1024,bayesian,20-pair validation,200,3.1535769474506377,0.447422239035368,14.276638767613223,14.018649351221672,1.5432033253879016,0.21387706908175744
matmul,1024,grid_optimum,independent grid optima; grid repeats,3,3.1546026865641275,0.31989333033561707,10.284175678146253,10.98861238668854,1.4124701731158038,1.5983604679546242
matmul,2048,default,20-pair validation,200,8.595015654563904,3.361075038909912,39.25156895837661,39.342227669241595,4.695119497718612,0.6507103637223294
matmul,2048,random,20-pair validation,200,5.682734074592591,3.0498329520225527,54.024745722603114,51.619247554276164,7.99328997690393,1.1078134711452092
matmul,2048,bayesian,20-pair validation,200,5.658086383342743,2.878803998231888,51.15947752585874,48.57177973607652,8.170147501306847,1.132324673487806
matmul,2048,grid_optimum,independent grid optima; grid repeats,3,5.384191989898682,2.10425599416097,39.1913924146009,40.122048499087164,2.4678990835734296,2.7926907124585427
matmul,4096,default,20-pair validation,200,47.3079807472229,32.70363052368164,69.13318626332122,69.34147397041279,1.6136309068808112,0.2236378338911735
matmul,4096,random,20-pair validation,200,22.533391342163085,22.36716736793518,99.38927988218468,97.08899541740665,11.973430554116495,1.659432812020867
matmul,4096,bayesian,20-pair validation,200,22.930155439376833,22.90566650867462,100.02653281321587,91.69803316280726,19.470610291456975,2.6984889119022424
matmul,4096,grid_optimum,independent grid optima; grid repeats,3,21.961727778116863,16.855690638224285,76.7651239354257,76.7612670609238,1.3216523008428434,1.4955903708667395
stencil,1024,default,20-pair validation,200,16.262743763923645,5.71057246208191,35.531886114917064,33.87267645187329,9.351184289331348,1.296008021329815
stencil,1024,random,20-pair validation,200,16.133754324913024,5.724403207302093,35.681395053064264,35.9911035784897,5.456110496391094,0.7561783352566436
stencil,1024,bayesian,20-pair validation,200,16.158680458068847,5.593282866477966,34.84052593924828,33.16673614450461,6.176555163383216,0.8560268719186069
stencil,1024,grid_optimum,independent grid optima; grid repeats,3,13.47539202372233,5.084810574849446,37.76951232355308,38.54292270245638,1.3813722061281588,1.563169805515953
stencil,2048,default,20-pair validation,200,35.85129503250122,18.725577936172485,52.23266191645984,51.43549349008913,3.3641629009880525,0.46624919045975244
stencil,2048,random,20-pair validation,200,32.72833219528198,18.985193700790404,58.02977433956501,56.13914038713791,5.631714038921118,0.7805157445784221
stencil,2048,bayesian,20-pair validation,200,33.0946249961853,17.732629861831665,53.54870414118527,52.82183711789679,3.2436866788278107,0.44955203794214865
stencil,2048,grid_optimum,independent grid optima; grid repeats,3,26.679285685221355,14.8002560933431,55.54289656914616,51.60567344354387,7.17224623772122,8.11616066024355
stencil,4096,default,20-pair validation,200,90.03110584259034,71.18260330200195,80.73257669678232,86.19290200092192,11.438795760218008,1.585336209928984
stencil,4096,random,20-pair validation,200,86.71448314666748,69.6532515335083,81.86454568425123,86.59958862967312,11.19002064484254,1.550857737998782
stencil,4096,bayesian,20-pair validation,200,86.85317134857178,69.21416938781738,81.21826384335058,85.84092260323942,11.03062254219992,1.5287662880585564
stencil,4096,grid_optimum,independent grid optima; grid repeats,3,83.20750935872395,62.22944005330404,75.9434003420593,81.52518072047098,11.034489372745611,12.486700203060497
