kernel,backend,size,paired_campaigns,run_indices,bayesian_mean_regret_pct,random_mean_regret_pct,mean_difference_bo_minus_rs_pp,difference_ci95_low_pp,difference_ci95_high_pp,difference_cohen_dz,difference_p_value,difference_holm_p_value,tost_margin_pp,difference_ci90_low_pp,difference_ci90_high_pp,tost_lower_p_value,tost_upper_p_value,tost_p_value,tost_holm_p_value,difference_conclusion,equivalence_conclusion
matmul,cuda,1024,10,0;1;2;3;4;5;6;7;8;9,16.529958412352595,9.33479979918386,7.195158613168735,-4.6163711133146705,19.00668833965214,0.4357696693548423,0.2014864040032477,1.0,10.0,-2.376178096827026,16.766495323164495,0.004665023574844964,0.3020819409702387,0.3020819409702387,0.6041638819404774,no_difference_detected,not_equivalent_or_inconclusive
matmul,cuda,2048,10,0;1;2;3;4;5;6;7;8;9,21.931535894234425,22.028478465112187,-0.09694257087776297,-16.270745172546487,16.076860030790964,-0.004287707675670739,0.9894776879562814,1.0,10.0,-13.203196728159238,13.009311586403712,0.09969431500197636,0.09575840216962062,0.09969431500197636,0.3987772600079054,no_difference_detected,not_equivalent_or_inconclusive
matmul,cuda,4096,10,0;1;2;3;4;5;6;7;8;9,24.35803058526803,17.337574760328927,7.020455824939101,-11.32093926448729,25.361850914365494,0.2738140437489059,0.4090465069463443,1.0,10.0,-7.842281872646921,21.883193522525122,0.03259944874351293,0.36087495825999016,0.36087495825999016,0.6041638819404774,no_difference_detected,not_equivalent_or_inconclusive
matmul,sycl,1024,10,0;1;2;3;4;5;6;7;8;9,4.628912341023269,3.5525845102350484,1.0763278307882205,-4.694925945865592,6.847581607442033,0.13341269967324196,0.6830054873857436,1.0,10.0,-3.6003410185763283,5.752996680152769,0.0009365605340571058,0.003373359675259747,0.003373359675259747,0.027427680348329386,no_difference_detected,equivalent
matmul,sycl,2048,10,0;1;2;3;4;5;6;7;8;9,3.3086225192021694,2.5477968252364804,0.7608256939656891,-2.181260383379922,3.7029117713113,0.18499183916104844,0.5729228145290157,1.0,10.0,-1.6232597825265533,3.1449111704579313,8.448651201936263e-06,2.8212218045248453e-05,2.8212218045248453e-05,0.00031033439849773297,no_difference_detected,equivalent
matmul,sycl,4096,10,0;1;2;3;4;5;6;7;8;9,5.321637111863495,2.2069299052159796,3.114707206647515,-1.3355761640593702,7.564990577354401,0.5006708842448343,0.14782205067483317,1.0,10.0,-0.49152852930674307,6.7209429426017735,4.5996376438637875e-05,0.0033622063359470427,0.0033622063359470427,0.027427680348329386,no_difference_detected,equivalent
stencil,cuda,1024,10,0;1;2;3;4;5;6;7;8;9,14.435231358430954,15.688779198132446,-1.2535478397014916,-14.123262338143332,11.61616665874035,-0.06967785526272854,0.830522834265077,1.0,10.0,-11.682372359349467,9.175276679946483,0.07928752405136426,0.03965231755615226,0.07928752405136426,0.3964376202568213,no_difference_detected,not_equivalent_or_inconclusive
stencil,cuda,2048,10,0;1;2;3;4;5;6;7;8;9,15.529068952926421,11.69124930916905,3.83781964375737,-7.76905599337468,15.444695280889421,0.23653314396242434,0.4735610938383237,1.0,10.0,-5.567677988352704,13.243317275867446,0.012257649115468745,0.13020254796255296,0.13020254796255296,0.3987772600079054,no_difference_detected,not_equivalent_or_inconclusive
stencil,cuda,4096,10,0;1;2;3;4;5;6;7;8;9,8.055102986757895,7.831433157412348,0.223669829345548,-5.939486359420746,6.386826018111842,0.02596133412475572,0.9363664524363705,1.0,10.0,-4.770572613842132,5.217912272533228,0.0022684045835004224,0.002926902253997188,0.002926902253997188,0.027427680348329386,no_difference_detected,equivalent
stencil,sycl,1024,10,0;1;2;3;4;5;6;7;8;9,11.142711430196846,7.372604535447137,3.7701068947497074,-0.11225080657902398,7.652464596078438,0.6946737551987511,0.05563451677720075,0.667614201326409,10.0,0.6240831663629409,6.916130623136474,1.0810847440778075e-05,0.0027427680348329386,0.0027427680348329386,0.027427680348329386,no_difference_detected,equivalent
stencil,sycl,2048,10,0;1;2;3;4;5;6;7;8;9,6.721327188777442,5.938057844235479,0.7832693445419627,-5.327035786465372,6.893574475549298,0.09170035257483712,0.7784001589924611,1.0,10.0,-4.168145854334067,5.734684543417992,0.0015736728132283424,0.003861226324438266,0.003861226324438266,0.027427680348329386,no_difference_detected,equivalent
stencil,sycl,4096,10,0;1;2;3;4;5;6;7;8;9,4.7762850442184295,4.574187776168397,0.2020972680500321,-1.4932718345995246,1.897466370699589,0.08527445507379809,0.7935015535692349,1.0,10.0,-1.1717255055403155,1.5759200416403798,1.306239669229402e-07,1.8497325861914763e-07,1.8497325861914763e-07,2.2196791034297716e-06,no_difference_detected,equivalent
