kernel,backend,size,algorithm,trial,mean_best_ms,median_best_ms,std_best_ms,ci95_ms,min_best_ms,max_best_ms
matmul,sycl,1024,bayesian,1,3.5147775769233705,3.362559974193573,0.2891131111643859,0.17919416280859532,3.2993279695510864,4.067839860916138
matmul,sycl,1024,bayesian,2,3.3134592175483704,3.312128007411957,0.33586672588417477,0.2081723534352548,2.833407998085022,3.787775993347168
matmul,sycl,1024,bayesian,3,3.274291205406189,3.234048008918762,0.32885046750993274,0.20382363144074717,2.833407998085022,3.787775993347168
matmul,sycl,1024,bayesian,4,3.274291205406189,3.234048008918762,0.32885046750993274,0.20382363144074717,2.833407998085022,3.787775993347168
matmul,sycl,1024,bayesian,5,3.205683171749115,3.0830079317092896,0.3541516622821498,0.21950547442948234,2.833407998085022,3.787775993347168
matmul,sycl,1024,bayesian,6,3.150643193721771,3.05484801530838,0.37519926009926546,0.232550910711428,2.7356159687042236,3.732480049133301
matmul,sycl,1024,bayesian,7,3.1407103896141053,3.0535680055618286,0.3849160181935552,0.2385734197733912,2.7356159687042236,3.732480049133301
matmul,sycl,1024,bayesian,8,3.093504011631012,2.932736039161682,0.3864258060668645,0.2395091959922096,2.7356159687042236,3.6741119623184204
matmul,sycl,1024,bayesian,9,3.093504011631012,2.932736039161682,0.3864258060668645,0.2395091959922096,2.7356159687042236,3.6741119623184204
matmul,sycl,1024,bayesian,10,3.0583808183670045,2.932736039161682,0.33428561405949203,0.20719237017337605,2.7356159687042236,3.5973119735717773
matmul,sycl,1024,bayesian,11,3.0583808183670045,2.932736039161682,0.33428561405949203,0.20719237017337605,2.7356159687042236,3.5973119735717773
matmul,sycl,1024,bayesian,12,3.020288014411926,2.907136023044586,0.3008549838494611,0.186471850897984,2.7356159687042236,3.5973119735717773
matmul,sycl,1024,bayesian,13,3.0072832107543945,2.8759040236473083,0.3023097033057262,0.18737349535830244,2.7356159687042236,3.5973119735717773
matmul,sycl,1024,bayesian,14,2.9593600034713745,2.8759040236473083,0.26561501218503364,0.1646298901706644,2.7356159687042236,3.5973119735717773
matmul,sycl,1024,bayesian,15,2.922751986980438,2.8682239651679993,0.2485126080743168,0.15402971028158402,2.7356159687042236,3.5973119735717773
matmul,sycl,1024,random,1,3.3992703795433044,3.3274880051612854,0.2783806233953339,0.17254209797181502,3.107327938079834,4.140032052993774
matmul,sycl,1024,random,2,3.1938559889793394,3.0766080021858215,0.32475571257985686,0.2012856760410555,2.9931520223617554,4.073983907699585
matmul,sycl,1024,random,3,3.1549440026283264,3.0766080021858215,0.25767825129440614,0.1597106348055926,2.9332480430603027,3.8118399381637573
matmul,sycl,1024,random,4,3.0716416239738464,3.0156800746917725,0.2226342631438045,0.13799014591862946,2.861567974090576,3.6049920320510864
matmul,sycl,1024,random,5,3.0576640248298643,3.0156800746917725,0.22042536676228192,0.13662105775716998,2.861567974090576,3.6049920320510864
matmul,sycl,1024,random,6,3.0179328083992005,2.97625595331192,0.21363489542899153,0.1324122800205115,2.861567974090576,3.6049920320510864
matmul,sycl,1024,random,7,3.0146559953689573,2.97625595331192,0.21532278485057985,0.13345844472261326,2.861567974090576,3.6049920320510864
matmul,sycl,1024,random,8,3.0087679862976073,2.9708799719810486,0.21562980152926176,0.13364873563153506,2.861567974090576,3.6049920320510864
matmul,sycl,1024,random,9,3.00759037733078,2.9708799719810486,0.21572306113027642,0.1337065385311005,2.861567974090576,3.6049920320510864
matmul,sycl,1024,random,10,3.0038527846336365,2.9575679898262024,0.21652045694237318,0.13420076957582996,2.861567974090576,3.6049920320510864
matmul,sycl,1024,random,11,2.994227182865143,2.9411840438842773,0.21816962675748616,0.1352229356172045,2.861567974090576,3.6049920320510864
matmul,sycl,1024,random,12,2.994227182865143,2.9411840438842773,0.21816962675748616,0.1352229356172045,2.861567974090576,3.6049920320510864
matmul,sycl,1024,random,13,2.994227182865143,2.9411840438842773,0.21816962675748616,0.1352229356172045,2.861567974090576,3.6049920320510864
matmul,sycl,1024,random,14,2.994227182865143,2.9411840438842773,0.21816962675748616,0.1352229356172045,2.861567974090576,3.6049920320510864
matmul,sycl,1024,random,15,2.9492223858833313,2.9411840438842773,0.0822758038917959,0.050995071577406466,2.861567974090576,3.154944062232971
matmul,cuda,1024,bayesian,1,0.43540000170469284,0.4201199933886528,0.039510681942456945,0.024488974381551357,0.3848160058259964,0.4981120079755783
matmul,cuda,1024,bayesian,2,0.43540000170469284,0.4201199933886528,0.039510681942456945,0.024488974381551357,0.3848160058259964,0.4981120079755783
matmul,cuda,1024,bayesian,3,0.4331632018089294,0.4201199933886528,0.03840068089896623,0.023800988607042876,0.3848160058259964,0.4981120079755783
matmul,cuda,1024,bayesian,4,0.4232976004481316,0.4074559956789017,0.03197383140070015,0.019817586018691165,0.3848160058259964,0.48873600363731384
matmul,cuda,1024,bayesian,5,0.41589280366897585,0.40507199615240097,0.03649896068263216,0.022622290205266134,0.36873601377010345,0.48873600363731384
matmul,cuda,1024,bayesian,6,0.4017232030630112,0.3927680030465126,0.028194056255884014,0.017474857112512458,0.36873601377010345,0.4607200026512146
matmul,cuda,1024,bayesian,7,0.4017232030630112,0.3927680030465126,0.028194056255884014,0.017474857112512458,0.36873601377010345,0.4607200026512146
matmul,cuda,1024,bayesian,8,0.4017088010907173,0.3927680030465126,0.028212809448265163,0.017486480461571915,0.3685919940471649,0.4607200026512146
matmul,cuda,1024,bayesian,9,0.4017088010907173,0.3927680030465126,0.028212809448265163,0.017486480461571915,0.3685919940471649,0.4607200026512146
matmul,cuda,1024,bayesian,10,0.399507200717926,0.3927680030465126,0.02357379869384358,0.014611191807070222,0.3685919940471649,0.4404960125684738
matmul,cuda,1024,bayesian,11,0.399507200717926,0.3927680030465126,0.02357379869384358,0.014611191807070222,0.3685919940471649,0.4404960125684738
matmul,cuda,1024,bayesian,12,0.3949952006340027,0.3927680030465126,0.029029114602234587,0.017992431637818367,0.3499840050935745,0.4404960125684738
matmul,cuda,1024,bayesian,13,0.39367200136184693,0.3927680030465126,0.027756790769226693,0.017203837156028714,0.3499840050935745,0.4404960125684738
matmul,cuda,1024,bayesian,14,0.393512000143528,0.3927680030465126,0.02751403433339774,0.017053375158267454,0.3499840050935745,0.4404960125684738
matmul,cuda,1024,bayesian,15,0.39037120044231416,0.38782399892807007,0.028557345179687714,0.017700025920306946,0.3499840050935745,0.4404960125684738
matmul,cuda,1024,random,1,0.45753919780254365,0.4748400002717972,0.04508238554749774,0.027942352054054178,0.3895999938249588,0.5010879933834076
matmul,cuda,1024,random,2,0.4142752006649971,0.405239999294281,0.0418182310549466,0.025919208139152165,0.3522080034017563,0.49958400428295135
matmul,cuda,1024,random,3,0.3992576003074646,0.388824000954628,0.04162856560014609,0.02580165227235039,0.3522080034017563,0.49958400428295135
matmul,cuda,1024,random,4,0.3992576003074646,0.388824000954628,0.04162856560014609,0.02580165227235039,0.3522080034017563,0.49958400428295135
matmul,cuda,1024,random,5,0.395608001947403,0.38623200356960297,0.04239558566618304,0.02627705623461737,0.3522080034017563,0.49958400428295135
matmul,cuda,1024,random,6,0.39374880194664,0.37935200333595276,0.04324802777756191,0.026805405329115805,0.3522080034017563,0.49958400428295135
matmul,cuda,1024,random,7,0.38845120221376417,0.37935200333595276,0.030084855974400526,0.018646786919617075,0.3522080034017563,0.4466080069541931
matmul,cuda,1024,random,8,0.38715520203113557,0.37935200333595276,0.031391116341592445,0.019456415483213807,0.3522080034017563,0.4466080069541931
matmul,cuda,1024,random,9,0.38143680095672605,0.37935200333595276,0.02359879933827099,0.014626687367025295,0.3522080034017563,0.42980799078941345
matmul,cuda,1024,random,10,0.3762928009033203,0.3755120038986206,0.026316613631701506,0.016311206118247212,0.3280960023403168,0.42980799078941345
matmul,cuda,1024,random,11,0.3762928009033203,0.3755120038986206,0.026316613631701506,0.016311206118247212,0.3280960023403168,0.42980799078941345
matmul,cuda,1024,random,12,0.3762928009033203,0.3755120038986206,0.026316613631701506,0.016311206118247212,0.3280960023403168,0.42980799078941345
matmul,cuda,1024,random,13,0.37237440049648285,0.37141600251197815,0.027117972863032247,0.016807893715668567,0.3280960023403168,0.42980799078941345
matmul,cuda,1024,random,14,0.3691520020365715,0.37141600251197815,0.025103531867924148,0.015559330251383258,0.3280960023403168,0.4177920073270798
matmul,cuda,1024,random,15,0.3691520020365715,0.37141600251197815,0.025103531867924148,0.015559330251383258,0.3280960023403168,0.4177920073270798
matmul,sycl,2048,bayesian,1,8.577228784561157,8.496384143829346,0.3452205759851163,0.21396992979256596,8.14899206161499,9.128960132598877
matmul,sycl,2048,bayesian,2,6.966169619560242,7.189760088920593,0.882821045707636,0.5471781530704779,5.584895849227905,8.14899206161499
matmul,sycl,2048,bayesian,3,6.480793571472168,6.41100800037384,0.8381200635613208,0.5194721972936179,5.394943952560425,8.012287855148315
matmul,sycl,2048,bayesian,4,6.305126357078552,6.136064052581787,0.811101765290381,0.5027260825301779,5.394943952560425,8.012287855148315
matmul,sycl,2048,bayesian,5,5.905254364013672,5.772031784057617,0.38456849861728903,0.2383580249084617,5.394943952560425,6.5131518840789795
matmul,sycl,2048,bayesian,6,5.631334376335144,5.517055869102478,0.4399989423456726,0.2727141698719773,5.040127992630005,6.3646721839904785
matmul,sycl,2048,bayesian,7,5.624166369438171,5.5019519329071045,0.4406721918811625,0.27313145425727375,5.040127992630005,6.3646721839904785
matmul,sycl,2048,bayesian,8,5.6169983625411986,5.5019519329071045,0.43259096128064395,0.2681226556383148,5.040127992630005,6.3646721839904785
matmul,sycl,2048,bayesian,9,5.6169983625411986,5.5019519329071045,0.43259096128064395,0.2681226556383148,5.040127992630005,6.3646721839904785
matmul,sycl,2048,bayesian,10,5.562163186073303,5.5019519329071045,0.4949861056418796,0.306795566777152,4.8404481410980225,6.3646721839904785
matmul,sycl,2048,bayesian,11,5.5558655738830565,5.5019519329071045,0.4887655216883861,0.30294000889796247,4.8404481410980225,6.3646721839904785
matmul,sycl,2048,bayesian,12,5.514547204971313,5.4748159646987915,0.4695228031376028,0.2910132483751287,4.8404481410980225,6.3646721839904785
matmul,sycl,2048,bayesian,13,5.483724784851074,5.4748159646987915,0.4899524454913162,0.3036756718927227,4.8404481410980225,6.3646721839904785
matmul,sycl,2048,bayesian,14,5.483724784851074,5.4748159646987915,0.4899524454913162,0.3036756718927227,4.8404481410980225,6.3646721839904785
matmul,sycl,2048,bayesian,15,5.463295960426331,5.4748159646987915,0.4519226227723739,0.2801045435670848,4.8404481410980225,6.1726720333099365
matmul,sycl,2048,random,1,8.581068754196167,8.696576118469238,0.3461445204353916,0.21454259649585702,8.063488006591797,8.976895809173584
matmul,sycl,2048,random,2,6.998118376731872,6.622463941574097,1.3511711353956062,0.8374645461190704,5.354496002197266,8.797695636749268
matmul,sycl,2048,random,3,6.342195200920105,6.1770241260528564,0.7605302619114072,0.47138153999639204,5.354496002197266,7.615999937057495
matmul,sycl,2048,random,4,6.049587202072144,5.838335990905762,0.7965793882122402,0.4937250199632557,5.174783945083618,7.615999937057495
matmul,sycl,2048,random,5,5.834598398208618,5.818367958068848,0.692657502811531,0.42931356806862847,5.174783945083618,7.615999937057495
matmul,sycl,2048,random,6,5.660979199409485,5.818367958068848,0.32023236585733117,0.1984820766962471,5.174783945083618,6.055936098098755
matmul,sycl,2048,random,7,5.660979199409485,5.818367958068848,0.32023236585733117,0.1984820766962471,5.174783945083618,6.055936098098755
matmul,sycl,2048,random,8,5.621913599967956,5.818367958068848,0.3737119155642469,0.23162904501779968,5.0186240673065186,6.055936098098755
matmul,sycl,2048,random,9,5.621913599967956,5.818367958068848,0.3737119155642469,0.23162904501779968,5.0186240673065186,6.055936098098755
matmul,sycl,2048,random,10,5.617664003372193,5.818367958068848,0.3793883454151148,0.23514733268995455,5.0186240673065186,6.055936098098755
matmul,sycl,2048,random,11,5.559347224235535,5.782528042793274,0.4170989487650042,0.25852060680082045,4.942336082458496,6.055936098098755
matmul,sycl,2048,random,12,5.559347224235535,5.782528042793274,0.4170989487650042,0.25852060680082045,4.942336082458496,6.055936098098755
matmul,sycl,2048,random,13,5.558425641059875,5.782528042793274,0.416407296470764,0.25809191626747924,4.942336082458496,6.055936098098755
matmul,sycl,2048,random,14,5.558425641059875,5.782528042793274,0.416407296470764,0.25809191626747924,4.942336082458496,6.055936098098755
matmul,sycl,2048,random,15,5.558425641059875,5.782528042793274,0.416407296470764,0.25809191626747924,4.942336082458496,6.055936098098755
matmul,cuda,2048,bayesian,1,3.4206255793571474,3.65694397687912,0.3790421818260313,0.23493277827458814,2.7566399574279785,3.6620479822158813
matmul,cuda,2048,bayesian,2,3.2729439973831176,3.3297840356826782,0.38620441109368936,0.23937197396617152,2.731808066368103,3.661407947540283
matmul,cuda,2048,bayesian,3,3.1506768345832823,3.1360080242156982,0.324680961480405,0.20123934482960903,2.731808066368103,3.651360034942627
matmul,cuda,2048,bayesian,4,3.0548832416534424,2.973464012145996,0.38721430423328546,0.23999791221901393,2.4146881103515625,3.651360034942627
matmul,cuda,2048,bayesian,5,2.8825968146324157,2.853048026561737,0.43707201530203543,0.2709000416953821,2.072783946990967,3.4982720613479614
matmul,cuda,2048,bayesian,6,2.8825968146324157,2.853048026561737,0.43707201530203543,0.2709000416953821,2.072783946990967,3.4982720613479614
matmul,cuda,2048,bayesian,7,2.8825968146324157,2.853048026561737,0.43707201530203543,0.2709000416953821,2.072783946990967,3.4982720613479614
matmul,cuda,2048,bayesian,8,2.8723664045333863,2.853048026561737,0.4219972129948397,0.2615565824241522,2.072783946990967,3.395967960357666
matmul,cuda,2048,bayesian,9,2.8648671984672545,2.853048026561737,0.4140218600726892,0.25661340747012784,2.072783946990967,3.395967960357666
matmul,cuda,2048,bayesian,10,2.7805471897125242,2.8231040239334106,0.47049706792023277,0.2916171039435398,2.072783946990967,3.3673919439315796
matmul,cuda,2048,bayesian,11,2.7297631978988646,2.8080959916114807,0.42535896978885435,0.263640220872244,2.072783946990967,3.292975902557373
matmul,cuda,2048,bayesian,12,2.7297631978988646,2.8080959916114807,0.42535896978885435,0.263640220872244,2.072783946990967,3.292975902557373
matmul,cuda,2048,bayesian,13,2.611030411720276,2.7442240118980408,0.4162943285903746,0.2580218980498027,2.072783946990967,3.2312159538269043
matmul,cuda,2048,bayesian,14,2.6108352184295653,2.7442240118980408,0.41657326675109124,0.25819478571298643,2.072783946990967,3.2312159538269043
matmul,cuda,2048,bayesian,15,2.565988826751709,2.7442240118980408,0.3630669440525885,0.22503122331932823,2.072783946990967,2.9720799922943115
matmul,cuda,2048,random,1,3.4708383798599245,3.6507039666175842,0.2736629270801126,0.16961803950145873,3.0208319425582886,3.6599199771881104
matmul,cuda,2048,random,2,3.3260911822319033,3.3614879846572876,0.34786269891524024,0.21560753455076648,2.65393602848053,3.6599199771881104
matmul,cuda,2048,random,3,3.2421663761138917,3.276575982570648,0.3598272995631548,0.22302327086174678,2.65393602848053,3.6599199771881104
matmul,cuda,2048,random,4,3.23323518037796,3.276575982570648,0.3493589771281899,0.21653493739534316,2.65393602848053,3.6599199771881104
matmul,cuda,2048,random,5,3.1628111958503724,3.2332720160484314,0.29043343820172574,0.18001250998467733,2.65393602848053,3.6599199771881104
matmul,cuda,2048,random,6,3.043345606327057,3.1404800415039062,0.4629002287589051,0.2869085342490591,2.01635205745697,3.6599199771881104
matmul,cuda,2048,random,7,3.0095152139663695,3.1404800415039062,0.4235190050313861,0.26249979890042835,2.01635205745697,3.3611040115356445
matmul,cuda,2048,random,8,2.8970863938331606,2.951864004135132,0.3661779172734028,0.22695942449837064,2.01635205745697,3.321616053581238
matmul,cuda,2048,random,9,2.893499195575714,2.951864004135132,0.3621735412278158,0.22447748651164348,2.01635205745697,3.321616053581238
matmul,cuda,2048,random,10,2.755907213687897,2.887391984462738,0.3280601450961643,0.2033337845337227,2.01635205745697,3.1081759929656982
matmul,cuda,2048,random,11,2.755907213687897,2.887391984462738,0.3280601450961643,0.2033337845337227,2.01635205745697,3.1081759929656982
matmul,cuda,2048,random,12,2.755907213687897,2.887391984462738,0.3280601450961643,0.2033337845337227,2.01635205745697,3.1081759929656982
matmul,cuda,2048,random,13,2.755907213687897,2.887391984462738,0.3280601450961643,0.2033337845337227,2.01635205745697,3.1081759929656982
matmul,cuda,2048,random,14,2.755907213687897,2.887391984462738,0.3280601450961643,0.2033337845337227,2.01635205745697,3.1081759929656982
matmul,cuda,2048,random,15,2.681064009666443,2.7489760518074036,0.34469255129249915,0.2136426566974278,2.01635205745697,3.1081759929656982
matmul,sycl,4096,bayesian,1,47.267840194702146,47.354881286621094,0.328316930632433,0.20349294185802289,46.36569595336914,47.52998352050781
matmul,sycl,4096,bayesian,2,35.40249605178833,38.38054370880127,9.718729011731954,6.0237306492499325,22.331904411315918,47.52998352050781
matmul,sycl,4096,bayesian,3,30.922649574279784,25.488383769989014,9.221425359833832,5.715498652421286,22.331904411315918,46.702592849731445
matmul,sycl,4096,bayesian,4,29.31343364715576,24.63334369659424,8.676196119406072,5.3775620680729315,22.331904411315918,46.702592849731445
matmul,sycl,4096,bayesian,5,25.949491119384767,24.63334369659424,4.04436770491916,2.5067250739833744,22.331904411315918,36.20607948303223
matmul,sycl,4096,bayesian,6,23.999487972259523,24.122623920440674,1.361515386563914,0.8438759794176897,22.331392288208008,26.505727767944336
matmul,sycl,4096,bayesian,7,23.75879669189453,23.75987195968628,1.5657806445908855,0.9704808980103051,21.557759284973145,26.505727767944336
matmul,sycl,4096,bayesian,8,23.548927879333498,22.922752380371094,1.6231523766750307,1.0060402659624972,21.557759284973145,26.505727767944336
matmul,sycl,4096,bayesian,9,23.548927879333498,22.922752380371094,1.6231523766750307,1.0060402659624972,21.557759284973145,26.505727767944336
matmul,sycl,4096,bayesian,10,23.485747241973876,22.922752380371094,1.556846179965701,0.9649432594639072,21.557759284973145,26.505727767944336
matmul,sycl,4096,bayesian,11,23.485747241973876,22.922752380371094,1.556846179965701,0.9649432594639072,21.557759284973145,26.505727767944336
matmul,sycl,4096,bayesian,12,23.37443838119507,22.890751838684082,1.4874464543387729,0.9219288638774247,21.557759284973145,26.41203212738037
matmul,sycl,4096,bayesian,13,23.37443838119507,22.890751838684082,1.4874464543387729,0.9219288638774247,21.557759284973145,26.41203212738037
matmul,sycl,4096,bayesian,14,23.346790409088136,22.822144031524658,1.4760100933198792,0.9148405338805458,21.557759284973145,26.41203212738037
matmul,sycl,4096,bayesian,15,22.791321563720704,22.62656021118164,0.8363075478810131,0.5183487884360877,21.557759284973145,24.60313606262207
matmul,sycl,4096,random,1,47.1919620513916,47.314433097839355,0.34405364799683824,0.213246660332128,46.550527572631836,47.52537536621094
matmul,sycl,4096,random,2,33.43697900772095,29.18220806121826,10.203949644712706,6.324473513363779,23.60166358947754,47.38559913635254
matmul,sycl,4096,random,3,28.388556480407715,26.40076780319214,4.913453513662754,3.0453900389841846,23.60166358947754,36.26495933532715
matmul,sycl,4096,random,4,25.942988681793214,23.703295707702637,4.695313441571485,2.9101854215388836,22.030848503112793,35.01875114440918
matmul,sycl,4096,random,5,24.163276767730714,22.91379165649414,3.863843695423486,2.3948351336823444,22.030848503112793,35.01875114440918
matmul,sycl,4096,random,6,22.982451248168946,22.91379165649414,0.622412081583229,0.3857750049178706,22.030848503112793,23.79520034790039
matmul,sycl,4096,random,7,22.982451248168946,22.91379165649414,0.622412081583229,0.3857750049178706,22.030848503112793,23.79520034790039
matmul,sycl,4096,random,8,22.856908798217773,22.705408096313477,0.5641475906933338,0.3496622993251194,22.030848503112793,23.705087661743164
matmul,sycl,4096,random,9,22.77780475616455,22.705408096313477,0.4820460433888829,0.2987752330995194,22.030848503112793,23.705087661743164
matmul,sycl,4096,random,10,22.77780475616455,22.705408096313477,0.4820460433888829,0.2987752330995194,22.030848503112793,23.705087661743164
matmul,sycl,4096,random,11,22.638643264770508,22.64678430557251,0.359810225291035,0.22301268811824634,22.030848503112793,23.158272743225098
matmul,sycl,4096,random,12,22.636851215362547,22.637824058532715,0.35960290454427485,0.22288418938811638,22.030848503112793,23.158272743225098
matmul,sycl,4096,random,13,22.527641582489014,22.574592113494873,0.4484422121139361,0.2779473626919004,21.675519943237305,23.100927352905273
matmul,sycl,4096,random,14,22.527641582489014,22.574592113494873,0.4484422121139361,0.2779473626919004,21.675519943237305,23.100927352905273
matmul,sycl,4096,random,15,22.49738245010376,22.574592113494873,0.4218279844465945,0.26145169348326674,21.675519943237305,23.100927352905273
matmul,cuda,4096,bayesian,1,32.77339057922363,32.77597618103027,0.026087827506739932,0.016169403008870407,32.73159980773926,32.81286430358887
matmul,cuda,4096,bayesian,2,30.972416114807128,32.74387168884277,2.37509985461412,1.4721021413394177,27.403103828430176,32.81286430358887
matmul,cuda,4096,bayesian,3,29.162119960784914,28.443408012390137,2.272776533819174,1.4086814900524542,25.638815879821777,32.81286430358887
matmul,cuda,4096,bayesian,4,28.017716693878175,28.295567989349365,3.347713460243531,2.074934299642728,20.492207527160645,32.81286430358887
matmul,cuda,4096,bayesian,5,25.9696608543396,27.812000274658203,4.611885885547989,2.8584764865943963,19.159104347229004,32.81286430358887
matmul,cuda,4096,bayesian,6,25.867964839935304,27.325512409210205,4.567754263321174,2.8311234237517264,19.159104347229004,32.81286430358887
matmul,cuda,4096,bayesian,7,25.116633701324464,27.078360080718994,4.853593392357151,3.008288351413608,19.159104347229004,32.81286430358887
matmul,cuda,4096,bayesian,8,25.11634244918823,27.078360080718994,4.853317383474164,3.008117279335571,19.159104347229004,32.81286430358887
matmul,cuda,4096,bayesian,9,24.45185441970825,24.245383739471436,4.82401977968372,2.9899584363748257,19.159104347229004,32.81286430358887
matmul,cuda,4096,bayesian,10,24.384291172027588,24.245383739471436,4.900019751283422,3.0370637067980066,19.158031463623047,32.81286430358887
matmul,cuda,4096,bayesian,11,24.384291172027588,24.245383739471436,4.900019751283422,3.0370637067980066,19.158031463623047,32.81286430358887
matmul,cuda,4096,bayesian,12,24.379249572753906,24.243703842163086,4.892186087116587,3.0322083514443667,19.158031463623047,32.77339172363281
matmul,cuda,4096,bayesian,13,22.94782238006592,20.952864170074463,4.562363182431784,2.8277819971982336,19.158031463623047,32.76862335205078
matmul,cuda,4096,bayesian,14,22.938644790649413,20.952864170074463,4.5556901275698065,2.823645994944472,19.158031463623047,32.76862335205078
matmul,cuda,4096,bayesian,15,22.938022232055665,20.952423572540283,4.556240126229105,2.8239868876452627,19.158031463623047,32.76862335205078
matmul,cuda,4096,random,1,32.79535179138183,32.79675102233887,0.021236004768345907,0.01316221212015321,32.765472412109375,32.83340835571289
matmul,cuda,4096,random,2,30.06674404144287,31.32434368133545,3.0233899168096685,1.8739164848134875,25.252943992614746,32.80841636657715
matmul,cuda,4096,random,3,28.87671842575073,28.73369598388672,2.5103705029417154,1.555943757798856,25.252943992614746,32.791521072387695
matmul,cuda,4096,random,4,28.239633655548097,28.29314374923706,2.2780987161684068,1.411980212848333,25.252943992614746,32.791521072387695
matmul,cuda,4096,random,5,27.768136024475098,27.376840114593506,2.435692602840341,1.5096579157798793,25.252943992614746,32.791521072387695
matmul,cuda,4096,random,6,26.308920097351074,27.093688011169434,3.5212936259669805,2.1825204009845836,19.16158390045166,32.791521072387695
matmul,cuda,4096,random,7,25.843260765075684,27.093688011169434,2.803517267247199,1.7376380047259756,19.16158390045166,28.13492774963379
matmul,cuda,4096,random,8,25.612959957122804,26.075488090515137,2.73980587419299,1.6981492741950832,19.16158390045166,28.13492774963379
matmul,cuda,4096,random,9,25.612959957122804,26.075488090515137,2.73980587419299,1.6981492741950832,19.16158390045166,28.13492774963379
matmul,cuda,4096,random,10,23.690886402130126,24.261615753173828,3.477139489805016,2.1551533838603367,19.156208038330078,27.76206398010254
matmul,cuda,4096,random,11,23.686697578430177,24.261615753173828,3.4722205391069214,2.1521045866311423,19.156208038330078,27.76206398010254
matmul,cuda,4096,random,12,23.686697578430177,24.261615753173828,3.4722205391069214,2.1521045866311423,19.156208038330078,27.76206398010254
matmul,cuda,4096,random,13,22.973855876922606,23.632863521575928,2.8595523865611154,1.772368931500264,19.156208038330078,27.75438404083252
matmul,cuda,4096,random,14,22.777518272399902,23.287399768829346,2.7510261840152466,1.705103694272937,19.156208038330078,27.75438404083252
matmul,cuda,4096,random,15,22.419182300567627,22.471799850463867,2.625434231826085,1.6272609958308117,19.156208038330078,27.75438404083252
stencil,sycl,1024,bayesian,1,15.615140199661255,15.56466293334961,1.0962674004488002,0.6794735743619803,14.210383892059326,16.995200157165527
stencil,sycl,1024,bayesian,2,15.591267967224121,15.508183002471924,1.088334833854054,0.6745569186484289,14.210383892059326,16.995200157165527
stencil,sycl,1024,bayesian,3,15.331298971176148,15.181237697601318,1.0470908590037802,0.6489936381924577,14.178544044494629,16.995200157165527
stencil,sycl,1024,bayesian,4,14.967039728164673,14.78046178817749,1.037486135100506,0.6430405686415015,13.352607727050781,16.489952087402344
stencil,sycl,1024,bayesian,5,14.956523132324218,14.78046178817749,1.0271959349511026,0.636662636511482,13.352607727050781,16.489952087402344
stencil,sycl,1024,bayesian,6,14.912228345870972,14.78046178817749,0.9681942340179418,0.6000930033999995,13.352607727050781,16.489952087402344
stencil,sycl,1024,bayesian,7,14.906757926940918,14.78046178817749,0.9620720224306243,0.5962984173450535,13.352607727050781,16.489952087402344
stencil,sycl,1024,bayesian,8,14.839584922790527,14.775439023971558,0.9135836922534519,0.566245038938618,13.352607727050781,16.489952087402344
stencil,sycl,1024,bayesian,9,14.839584922790527,14.775439023971558,0.9135836922534519,0.566245038938618,13.352607727050781,16.489952087402344
stencil,sycl,1024,bayesian,10,14.76874656677246,14.77508807182312,0.851520916735497,0.5277781321431171,13.352607727050781,16.489952087402344
stencil,sycl,1024,bayesian,11,14.566671323776244,14.500695943832397,0.6102531665627617,0.3782388313110131,13.352607727050781,15.20585584640503
stencil,sycl,1024,bayesian,12,14.566671323776244,14.500695943832397,0.6102531665627617,0.3782388313110131,13.352607727050781,15.20585584640503
stencil,sycl,1024,bayesian,13,14.566671323776244,14.500695943832397,0.6102531665627617,0.3782388313110131,13.352607727050781,15.20585584640503
stencil,sycl,1024,bayesian,14,14.46355767250061,14.500695943832397,0.7194919429364365,0.44594572637253094,13.352607727050781,15.20585584640503
stencil,sycl,1024,bayesian,15,14.443801307678223,14.500695943832397,0.7008168641498427,0.4343707926205798,13.352607727050781,15.20585584640503
stencil,sycl,1024,random,1,16.014068508148192,16.87172031402588,1.3248098322240063,0.8211256411370251,14.348848342895508,17.513500213623047
stencil,sycl,1024,random,2,15.512091207504273,15.539185047149658,1.5666543068716117,0.9710223995020281,13.314623832702637,17.513500213623047
stencil,sycl,1024,random,3,15.376938629150391,15.269143104553223,1.5451005498060308,0.9576632424676362,13.314623832702637,17.513500213623047
stencil,sycl,1024,random,4,14.777735996246339,14.292583227157593,1.2922665514092575,0.8009551067148482,13.314623832702637,16.94822406768799
stencil,sycl,1024,random,5,14.618070602416992,14.292583227157593,1.0746013381326955,0.6660448098121576,13.314623832702637,16.244192123413086
stencil,sycl,1024,random,6,14.564459323883057,14.061711072921753,1.0940591073783694,0.6781048601366095,13.314623832702637,16.20923137664795
stencil,sycl,1024,random,7,14.295028924942017,14.032543897628784,0.8977712578943041,0.5564443905849629,13.314623832702637,16.20923137664795
stencil,sycl,1024,random,8,14.268046712875366,13.926800012588501,0.9037665391172821,0.5601603043850214,13.314623832702637,16.20923137664795
stencil,sycl,1024,random,9,14.10067720413208,13.926800012588501,0.6123155382160326,0.37951710250500925,13.314623832702637,15.351570129394531
stencil,sycl,1024,random,10,14.10067720413208,13.926800012588501,0.6123155382160326,0.37951710250500925,13.314623832702637,15.351570129394531
stencil,sycl,1024,random,11,14.10067720413208,13.926800012588501,0.6123155382160326,0.37951710250500925,13.314623832702637,15.351570129394531
stencil,sycl,1024,random,12,14.029523658752442,13.867400169372559,0.6429113110657998,0.3984805589847767,13.314623832702637,15.351570129394531
stencil,sycl,1024,random,13,13.938003635406494,13.867400169372559,0.4777228890507703,0.29609571428008424,13.314623832702637,14.681839942932129
stencil,sycl,1024,random,14,13.938003635406494,13.867400169372559,0.4777228890507703,0.29609571428008424,13.314623832702637,14.681839942932129
stencil,sycl,1024,random,15,13.938003635406494,13.867400169372559,0.4777228890507703,0.29609571428008424,13.314623832702637,14.681839942932129
stencil,cuda,1024,bayesian,1,6.610547184944153,6.577471971511841,1.158100324231847,0.7177980175762168,5.069456100463867,7.980800151824951
stencil,cuda,1024,bayesian,2,6.307412767410279,6.026799917221069,1.079601750110587,0.6691440972656651,5.069456100463867,7.858880043029785
stencil,cuda,1024,bayesian,3,5.4281247615814205,5.313639998435974,1.0266566433425033,0.6363283801094688,4.106799840927124,7.41703987121582
stencil,cuda,1024,bayesian,4,5.427499151229858,5.313639998435974,1.0266025166228772,0.6362948320210756,4.106799840927124,7.41703987121582
stencil,cuda,1024,bayesian,5,5.191286396980286,5.139344096183777,0.748595098806022,0.4639840492633015,4.106799840927124,6.867295980453491
stencil,cuda,1024,bayesian,6,5.083409595489502,5.139344096183777,0.8700221202848905,0.5392452969065301,3.7780959606170654,6.867295980453491
stencil,cuda,1024,bayesian,7,4.999388790130615,5.002552032470703,0.8944315310142743,0.5543744064190216,3.7780959606170654,6.867295980453491
stencil,cuda,1024,bayesian,8,4.823963177204132,4.68341600894928,0.9480652354095128,0.5876169208062845,3.7780959606170654,6.867295980453491
stencil,cuda,1024,bayesian,9,4.519969582557678,4.40010404586792,0.665276637505834,0.41234273192886056,3.7780959606170654,5.504623889923096
stencil,cuda,1024,bayesian,10,4.493273591995239,4.38369607925415,0.6349900389584461,0.3935709036670376,3.7780959606170654,5.504623889923096
stencil,cuda,1024,bayesian,11,4.435545611381531,4.38369607925415,0.553892660625724,0.34330622781827863,3.7780959606170654,5.162303924560547
stencil,cuda,1024,bayesian,12,4.435193610191345,4.38369607925415,0.5543578194714157,0.34359453625780617,3.77457594871521,5.162303924560547
stencil,cuda,1024,bayesian,13,4.435193610191345,4.38369607925415,0.5543578194714157,0.34359453625780617,3.77457594871521,5.162303924560547
stencil,cuda,1024,bayesian,14,4.212203180789947,4.179767847061157,0.45508837595629104,0.282066697719022,3.77457594871521,5.162303924560547
stencil,cuda,1024,bayesian,15,4.212203180789947,4.179767847061157,0.45508837595629104,0.282066697719022,3.77457594871521,5.162303924560547
stencil,cuda,1024,random,1,5.857121562957763,5.886943936347961,0.7707644917246046,0.4777247813526235,4.63264012336731,6.8997437953948975
stencil,cuda,1024,random,2,5.391928029060364,5.074328064918518,0.7156466260239164,0.4435623742578598,4.63264012336731,6.88919997215271
stencil,cuda,1024,random,3,5.0676304459571835,4.972400069236755,0.8048166710857587,0.4988305407830931,3.8317760229110718,6.88919997215271
stencil,cuda,1024,random,4,4.92666403055191,4.853407979011536,0.6305347092955096,0.39080946173252684,3.8317760229110718,6.002640008926392
stencil,cuda,1024,random,5,4.794854438304901,4.710416078567505,0.5949656134165011,0.36876350770357397,3.8317760229110718,6.002640008926392
stencil,cuda,1024,random,6,4.700249636173249,4.6194881200790405,0.6747314480388316,0.41820288421026663,3.7927839756011963,6.002640008926392
stencil,cuda,1024,random,7,4.700249636173249,4.6194881200790405,0.6747314480388316,0.41820288421026663,3.7927839756011963,6.002640008926392
stencil,cuda,1024,random,8,4.6989344477653505,4.6194881200790405,0.673509620902033,0.4174455879050467,3.7927839756011963,6.002640008926392
stencil,cuda,1024,random,9,4.6989344477653505,4.6194881200790405,0.673509620902033,0.4174455879050467,3.7927839756011963,6.002640008926392
stencil,cuda,1024,random,10,4.6562544226646425,4.60699200630188,0.5943776465531301,0.36839908206609034,3.7927839756011963,5.600831985473633
stencil,cuda,1024,random,11,4.584961616992951,4.599456071853638,0.5582031174647045,0.3459778766462162,3.7927839756011963,5.600831985473633
stencil,cuda,1024,random,12,4.584961616992951,4.599456071853638,0.5582031174647045,0.3459778766462162,3.7927839756011963,5.600831985473633
stencil,cuda,1024,random,13,4.55433441400528,4.480664014816284,0.5631103527978715,0.3490194126169997,3.7927839756011963,5.600831985473633
stencil,cuda,1024,random,14,4.55433441400528,4.480664014816284,0.5631103527978715,0.3490194126169997,3.7927839756011963,5.600831985473633
stencil,cuda,1024,random,15,4.536273610591889,4.480664014816284,0.5587758943430446,0.3463328874334369,3.7927839756011963,5.600831985473633
stencil,sycl,2048,bayesian,1,35.87014789581299,36.0445556640625,0.3514412744369416,0.2178255586385568,35.447519302368164,36.253007888793945
stencil,sycl,2048,bayesian,2,34.997372436523435,35.49428749084473,1.262365717787843,0.7824223780312917,32.85422325134277,36.184553146362305
stencil,sycl,2048,bayesian,3,34.69991874694824,35.09787940979004,1.3341502908281964,0.8269149173586576,32.85422325134277,36.184553146362305
stencil,sycl,2048,bayesian,4,34.100121307373044,33.932640075683594,1.069532115679244,0.6629028731840388,32.85422325134277,36.0597038269043
stencil,sycl,2048,bayesian,5,34.028947067260745,33.932640075683594,1.1548650052821348,0.7157927461159307,32.50856018066406,36.0597038269043
stencil,sycl,2048,bayesian,6,33.516737365722655,33.19237995147705,1.2402537022935647,0.7687172088379963,31.638687133789062,36.0597038269043
stencil,sycl,2048,bayesian,7,33.47932453155518,33.15642833709717,1.2384349834544066,0.7675899552227778,31.638687133789062,36.0597038269043
stencil,sycl,2048,bayesian,8,33.383602714538576,33.06032752990723,1.2293635621844299,0.7619674300684852,31.638687133789062,36.0597038269043
stencil,sycl,2048,bayesian,9,33.2726547241211,33.06032752990723,0.9872353762352306,0.6118948256169325,31.638687133789062,34.95022392272949
stencil,sycl,2048,bayesian,10,33.23490600585937,33.06032752990723,0.9209553233037104,0.5708140231997082,31.638687133789062,34.71345520019531
stencil,sycl,2048,bayesian,11,33.1724853515625,32.97272777557373,0.9507943536335991,0.5893084458063138,31.638687133789062,34.71345520019531
stencil,sycl,2048,bayesian,12,33.12488231658936,32.97272777557373,0.9475705429786166,0.5873103072610005,31.550640106201172,34.71345520019531
stencil,sycl,2048,bayesian,13,33.084749412536624,32.97272777557373,0.8976395035407151,0.5563627283905619,31.550640106201172,34.71345520019531
stencil,sycl,2048,bayesian,14,33.0600471496582,32.97272777557373,0.8499721495896713,0.5268181963208918,31.550640106201172,34.46643257141113
stencil,sycl,2048,bayesian,15,32.97239036560059,32.93085956573486,0.7658562071846471,0.4746825950767339,31.550640106201172,34.46643257141113
stencil,sycl,2048,random,1,35.928849411010745,36.09616279602051,0.31414212683748766,0.19470730744392983,35.416080474853516,36.20836067199707
stencil,sycl,2048,random,2,35.010185623168944,35.46656036376953,1.2759329191791091,0.7908314165739304,32.96980857849121,36.20836067199707
stencil,sycl,2048,random,3,34.7239330291748,34.94255256652832,1.3218458630830667,0.81928855403066,32.96980857849121,36.20836067199707
stencil,sycl,2048,random,4,34.7239330291748,34.94255256652832,1.3218458630830667,0.81928855403066,32.96980857849121,36.20836067199707
stencil,sycl,2048,random,5,34.46547794342041,34.365264892578125,1.1860312935432644,0.7351098117111642,32.96980857849121,36.20836067199707
stencil,sycl,2048,random,6,34.20546188354492,34.15831279754639,1.4424646975343096,0.89404888216448,31.868864059448242,36.20836067199707
stencil,sycl,2048,random,7,33.96309604644775,33.5995397567749,1.5341312638482523,0.9508644085929091,31.868864059448242,36.20836067199707
stencil,sycl,2048,random,8,33.96309604644775,33.5995397567749,1.5341312638482523,0.9508644085929091,31.868864059448242,36.20836067199707
stencil,sycl,2048,random,9,33.96309604644775,33.5995397567749,1.5341312638482523,0.9508644085929091,31.868864059448242,36.20836067199707
stencil,sycl,2048,random,10,33.260322380065915,33.02971649169922,1.2586463978763918,0.7801171196669593,31.868864059448242,36.08150291442871
stencil,sycl,2048,random,11,33.260322380065915,33.02971649169922,1.2586463978763918,0.7801171196669593,31.868864059448242,36.08150291442871
stencil,sycl,2048,random,12,32.959350395202634,32.89910888671875,0.8114146005035827,0.5029199798041581,31.868864059448242,34.261505126953125
stencil,sycl,2048,random,13,32.792663764953616,32.70192813873291,0.6598594140310179,0.40898510203304866,31.868864059448242,34.05512046813965
stencil,sycl,2048,random,14,32.7392557144165,32.61410045623779,0.6895640813808335,0.4273962456018074,31.868864059448242,34.05512046813965
stencil,sycl,2048,random,15,32.7392557144165,32.61410045623779,0.6895640813808335,0.4273962456018074,31.868864059448242,34.05512046813965
stencil,cuda,2048,bayesian,1,19.50180654525757,19.137511730194092,1.5103181317737793,0.936104876419671,17.341456413269043,22.010208129882812
stencil,cuda,2048,bayesian,2,19.123321723937988,18.77286434173584,1.645496645969527,1.0198893875525608,17.341456413269043,22.010208129882812
stencil,cuda,2048,bayesian,3,18.525310516357422,18.320032119750977,1.4799409794914602,0.9172769223714566,16.59126377105713,22.010208129882812
stencil,cuda,2048,bayesian,4,18.39411211013794,18.167256355285645,1.474748412735073,0.9140585361523359,16.59126377105713,22.010208129882812
stencil,cuda,2048,bayesian,5,18.349833679199218,18.167256355285645,1.5134819396115624,0.9380658248335826,16.59126377105713,22.010208129882812
stencil,cuda,2048,bayesian,6,17.733305644989013,17.9754638671875,0.9780525149784008,0.6062032292431885,16.454832077026367,19.12222385406494
stencil,cuda,2048,bayesian,7,17.73242073059082,17.9754638671875,0.9769152259385903,0.605498330193334,16.454832077026367,19.12222385406494
stencil,cuda,2048,bayesian,8,17.45695514678955,16.939063549041748,1.0169890735475131,0.6303363582712689,16.454832077026367,19.12222385406494
stencil,cuda,2048,bayesian,9,17.230518293380737,16.939063549041748,1.3827584714120007,0.8570425798167302,14.467183589935303,19.12222385406494
stencil,cuda,2048,bayesian,10,17.230518293380737,16.939063549041748,1.3827584714120007,0.8570425798167302,14.467183589935303,19.12222385406494
stencil,cuda,2048,bayesian,11,16.941242933273315,16.769095420837402,1.2203802781655961,0.7563995329484148,14.467183589935303,19.12222385406494
stencil,cuda,2048,bayesian,12,16.91296782493591,16.62771987915039,1.224610974138572,0.7590217454794268,14.467183589935303,19.12222385406494
stencil,cuda,2048,bayesian,13,16.91296782493591,16.62771987915039,1.224610974138572,0.7590217454794268,14.467183589935303,19.12222385406494
stencil,cuda,2048,bayesian,14,16.86000943183899,16.606184005737305,1.2330869301069158,0.7642751974160507,14.467183589935303,19.12222385406494
stencil,cuda,2048,bayesian,15,16.751924657821654,16.606184005737305,1.0459296957676565,0.6482739417624228,14.467183589935303,18.12452793121338
stencil,cuda,2048,random,1,18.849807929992675,19.159215450286865,0.9884780895317538,0.612665067298068,16.695520401000977,19.97385597229004
stencil,cuda,2048,random,2,18.631384086608886,18.882967948913574,1.06004387370988,0.6570219998836965,16.695520401000977,19.97385597229004
stencil,cuda,2048,random,3,18.327871990203857,18.42627239227295,1.249599003649036,0.7745094866279703,16.312959671020508,19.97385597229004
stencil,cuda,2048,random,4,18.327871990203857,18.42627239227295,1.249599003649036,0.7745094866279703,16.312959671020508,19.97385597229004
stencil,cuda,2048,random,5,18.29083671569824,18.241096019744873,1.2433116504335109,0.7706125447314218,16.312959671020508,19.97385597229004
stencil,cuda,2048,random,6,18.00243353843689,18.241096019744873,1.4384331823184766,0.891550123145763,15.463327884674072,19.97385597229004
stencil,cuda,2048,random,7,17.967964696884156,18.241096019744873,1.3892318550292786,0.8610548245508592,15.463327884674072,19.629167556762695
stencil,cuda,2048,random,8,17.967964696884156,18.241096019744873,1.3892318550292786,0.8610548245508592,15.463327884674072,19.629167556762695
stencil,cuda,2048,random,9,17.967964696884156,18.241096019744873,1.3892318550292786,0.8610548245508592,15.463327884674072,19.629167556762695
stencil,cuda,2048,random,10,17.394044733047487,17.29857635498047,1.4761111409269052,0.9149031638362468,15.421600341796875,19.33030414581299
stencil,cuda,2048,random,11,17.164577531814576,16.740903854370117,1.358400742826881,0.8419455032291251,15.421600341796875,19.33030414581299
stencil,cuda,2048,random,12,17.164577531814576,16.740903854370117,1.358400742826881,0.8419455032291251,15.421600341796875,19.33030414581299
stencil,cuda,2048,random,13,17.03771357536316,16.740903854370117,1.1813702955240797,0.7322208952087734,15.421600341796875,18.81339168548584
stencil,cuda,2048,random,14,16.842150449752808,16.740903854370117,0.9630320346952103,0.5968934391112599,15.421600341796875,18.314623832702637
stencil,cuda,2048,random,15,16.842150449752808,16.740903854370117,0.9630320346952103,0.5968934391112599,15.421600341796875,18.314623832702637
stencil,sycl,4096,bayesian,1,84.36279525756837,82.80743980407715,5.340156604637883,3.3098633547988126,78.21001434326172,94.35500717163086
stencil,sycl,4096,bayesian,2,84.17594718933105,82.80743980407715,5.558854292988122,3.4454135863820956,77.59455871582031,94.35500717163086
stencil,sycl,4096,bayesian,3,82.5916820526123,80.4731330871582,6.16455121846886,3.820828430213056,77.51270294189453,94.35500717163086
stencil,sycl,4096,bayesian,4,81.1651481628418,79.25687980651855,5.206635693352367,3.227106236593804,77.51270294189453,94.35500717163086
stencil,sycl,4096,bayesian,5,81.06231956481933,78.74273681640625,5.243086115086484,3.2496984420470927,77.51270294189453,94.35500717163086
stencil,sycl,4096,bayesian,6,79.46040916442871,78.53411293029785,2.41491203753272,1.4967779879620389,77.51270294189453,85.5703353881836
stencil,sycl,4096,bayesian,7,78.55325736999512,78.53411293029785,1.051351289039626,0.6516342800865705,76.82675170898438,79.99385452270508
stencil,sycl,4096,bayesian,8,78.17148780822754,78.05790328979492,0.9725960642832339,0.6028212860643096,76.82675170898438,79.77132797241211
stencil,sycl,4096,bayesian,9,78.17148780822754,78.05790328979492,0.9725960642832339,0.6028212860643096,76.82675170898438,79.77132797241211
stencil,sycl,4096,bayesian,10,78.17148780822754,78.05790328979492,0.9725960642832339,0.6028212860643096,76.82675170898438,79.77132797241211
stencil,sycl,4096,bayesian,11,77.90438041687011,78.05790328979492,0.5976761061368903,0.3704434884968102,76.82675170898438,78.55276870727539
stencil,sycl,4096,bayesian,12,77.89639015197754,78.01795196533203,0.5981890192134942,0.3707613953153057,76.82675170898438,78.55276870727539
stencil,sycl,4096,bayesian,13,77.64229049682618,77.66929626464844,0.6207157637382474,0.3847236162248274,76.82675170898438,78.51545715332031
stencil,sycl,4096,bayesian,14,77.597509765625,77.66929626464844,0.6783718574569201,0.42045923334409746,76.64332580566406,78.51545715332031
stencil,sycl,4096,bayesian,15,77.55813674926758,77.66929626464844,0.6287880176466227,0.3897268510323532,76.64332580566406,78.29983901977539
stencil,sycl,4096,random,1,81.86537322998046,79.67977714538574,5.04144213408439,3.124718207786746,77.73382568359375,93.75660705566406
stencil,sycl,4096,random,2,80.42577590942383,79.41948699951172,2.86155304778772,1.7736089541755455,77.73382568359375,86.07475280761719
stencil,sycl,4096,random,3,79.98552932739258,79.41948699951172,2.35048584074936,1.456846217489783,77.73382568359375,86.07475280761719
stencil,sycl,4096,random,4,79.98552932739258,79.41948699951172,2.35048584074936,1.456846217489783,77.73382568359375,86.07475280761719
stencil,sycl,4096,random,5,79.68700790405273,79.06171226501465,2.4750578628921147,1.5340567567397736,77.43750381469727,86.07475280761719
stencil,sycl,4096,random,6,79.63685760498046,79.06171226501465,2.4987059470901274,1.5487139911793446,77.43750381469727,86.07475280761719
stencil,sycl,4096,random,7,79.33956146240234,78.72713470458984,2.7442261812045046,1.7008890088653486,76.05196762084961,86.07475280761719
stencil,sycl,4096,random,8,78.61398086547851,78.62281608581543,1.3840614501137818,0.8578501743830325,76.05196762084961,80.72713470458984
stencil,sycl,4096,random,9,78.54207077026368,78.62281608581543,1.276579133865196,0.7912319445859656,76.05196762084961,80.08761596679688
stencil,sycl,4096,random,10,78.24299545288086,78.35753440856934,1.0170492467824883,0.6303736540287026,76.05196762084961,79.70438385009766
stencil,sycl,4096,random,11,78.24299545288086,78.35753440856934,1.0170492467824883,0.6303736540287026,76.05196762084961,79.70438385009766
stencil,sycl,4096,random,12,78.24299545288086,78.35753440856934,1.0170492467824883,0.6303736540287026,76.05196762084961,79.70438385009766
stencil,sycl,4096,random,13,78.08079986572265,78.20451164245605,1.0116461184520904,0.6270247603939114,76.05196762084961,79.5307502746582
stencil,sycl,4096,random,14,77.88707160949707,77.8935375213623,1.0618581638630074,0.6581465085708749,76.05196762084961,79.29138946533203
stencil,sycl,4096,random,15,77.88707160949707,77.8935375213623,1.0618581638630074,0.6581465085708749,76.05196762084961,79.29138946533203
stencil,cuda,4096,bayesian,1,71.07136611938476,71.14251327514648,0.3582985325465733,0.22207573124805574,70.13268661499023,71.37290954589844
stencil,cuda,4096,bayesian,2,70.6279182434082,71.00147247314453,0.9403765323161825,0.582851413256854,68.10518264770508,71.18186950683594
stencil,cuda,4096,bayesian,3,70.0472599029541,70.75192832946777,1.7571682220731843,1.0891041475086847,65.7613754272461,71.18186950683594
stencil,cuda,4096,bayesian,4,69.29545021057129,70.50139808654785,2.384689104107606,1.47804561975182,64.44428634643555,71.0676155090332
stencil,cuda,4096,bayesian,5,68.95459594726563,70.50139808654785,2.7839057528751434,1.7254826621849344,64.44428634643555,71.0676155090332
stencil,cuda,4096,bayesian,6,68.30856056213379,70.23496627807617,3.0554953016844717,1.8938156085201843,64.29671859741211,71.0676155090332
stencil,cuda,4096,bayesian,7,68.24734001159668,70.23496627807617,3.117701813762187,1.9323716041584136,64.29671859741211,71.0676155090332
stencil,cuda,4096,bayesian,8,67.72840270996093,67.84504890441895,3.08717990528094,1.9134539292885673,64.29671859741211,71.0676155090332
stencil,cuda,4096,bayesian,9,67.72840270996093,67.84504890441895,3.08717990528094,1.9134539292885673,64.29671859741211,71.0676155090332
stencil,cuda,4096,bayesian,10,67.67514877319336,67.68105888366699,3.041431183926185,1.885098578022371,64.29671859741211,71.0676155090332
stencil,cuda,4096,bayesian,11,67.67514877319336,67.68105888366699,3.041431183926185,1.885098578022371,64.29671859741211,71.0676155090332
stencil,cuda,4096,bayesian,12,67.40747032165527,67.32238388061523,2.7990185587805296,1.734849676330359,64.29671859741211,71.0676155090332
stencil,cuda,4096,bayesian,13,67.21680297851563,66.72772216796875,2.6799857774888136,1.6610723941294845,64.29671859741211,71.0676155090332
stencil,cuda,4096,bayesian,14,67.11406860351562,66.72772216796875,2.5992871384049034,1.6110548594276006,64.29671859741211,70.9021110534668
stencil,cuda,4096,bayesian,15,67.11406860351562,66.72772216796875,2.5992871384049034,1.6110548594276006,64.29671859741211,70.9021110534668
stencil,cuda,4096,random,1,70.83138313293458,70.96723937988281,0.537642187116005,0.33323407998627796,69.92436981201172,71.43956756591797
stencil,cuda,4096,random,2,69.36421852111816,70.32436943054199,2.66505584900476,1.6518187285841297,64.42672348022461,71.43956756591797
stencil,cuda,4096,random,3,68.72778625488282,69.93775367736816,2.9479534722352847,1.8271604920592273,64.42672348022461,71.43956756591797
stencil,cuda,4096,random,4,68.72778625488282,69.93775367736816,2.9479534722352847,1.8271604920592273,64.42672348022461,71.43956756591797
stencil,cuda,4096,random,5,68.72778625488282,69.93775367736816,2.9479534722352847,1.8271604920592273,64.42672348022461,71.43956756591797
stencil,cuda,4096,random,6,68.72778625488282,69.93775367736816,2.9479534722352847,1.8271604920592273,64.42672348022461,71.43956756591797
stencil,cuda,4096,random,7,68.72778625488282,69.93775367736816,2.9479534722352847,1.8271604920592273,64.42672348022461,71.43956756591797
stencil,cuda,4096,random,8,68.69495277404785,69.78714561462402,2.9346124639216304,1.8188916494385667,64.42672348022461,71.43956756591797
stencil,cuda,4096,random,9,68.57518272399902,69.77358627319336,2.9156866509132904,1.8071613090059147,64.42672348022461,71.43956756591797
stencil,cuda,4096,random,10,68.30697135925293,69.26667213439941,2.7520882539243865,1.7057619720225903,64.42672348022461,71.43956756591797
stencil,cuda,4096,random,11,68.23309669494628,69.26667213439941,2.6951851195578254,1.670493043944807,64.42672348022461,71.29225540161133
stencil,cuda,4096,random,12,68.23309669494628,69.26667213439941,2.6951851195578254,1.670493043944807,64.42672348022461,71.29225540161133
stencil,cuda,4096,random,13,67.94256553649902,68.64874267578125,2.4764970525663554,1.5349487757414706,64.42672348022461,70.84102249145508
stencil,cuda,4096,random,14,67.705029296875,68.5544319152832,2.5421847954811305,1.5756624606068608,64.42672348022461,70.84102249145508
stencil,cuda,4096,random,15,67.3107810974121,67.10495185852051,2.517309082804098,1.5602443341529089,64.42672348022461,70.84102249145508
