kernel,backend,size,algorithm,run_idx,grid_complete,evaluations_with_grid_match,best_config_by_grid,best_regret_pct
matmul,sycl,1024,bayesian,0,True,15,64_32_32_4_1,7.8790037370833454
matmul,sycl,1024,bayesian,1,True,15,32_128_8_4_2,4.4671134700102995
matmul,sycl,1024,bayesian,2,True,15,32_128_16_4_2,0.0
matmul,sycl,1024,bayesian,3,True,15,64_64_32_4_2,0.7034794054211295
matmul,sycl,1024,bayesian,4,True,15,32_32_8_2_4,0.9145256839308037
matmul,sycl,1024,bayesian,5,True,15,64_64_8_4_2,9.039750079275436
matmul,sycl,1024,bayesian,6,True,15,32_128_16_4_2,0.0
matmul,sycl,1024,bayesian,7,True,15,32_32_16_4_2,8.090041825981901
matmul,sycl,1024,bayesian,8,True,15,64_32_32_4_4,7.105167382547874
matmul,sycl,1024,bayesian,9,True,15,32_32_16_4_2,8.090041825981901
matmul,sycl,1024,random,0,True,15,32_128_16_4_2,0.0
matmul,sycl,1024,random,1,True,15,32_128_16_4_2,0.0
matmul,sycl,1024,random,2,True,15,64_32_8_2_2,11.959199029825909
matmul,sycl,1024,random,3,True,15,64_32_16_1_4,9.145265028919153
matmul,sycl,1024,random,4,True,15,64_32_16_4_1,3.4118902670730464
matmul,sycl,1024,random,5,True,15,64_64_32_4_2,0.7034794054211295
matmul,sycl,1024,random,6,True,15,64_32_8_4_4,8.476960003249639
matmul,sycl,1024,random,7,True,15,32_32_8_2_4,0.9145256839308037
matmul,sycl,1024,random,8,True,15,32_128_16_4_2,0.0
matmul,sycl,1024,random,9,True,15,32_32_8_2_4,0.9145256839308037
matmul,cuda,1024,bayesian,0,True,15,64_32_8_4_4,30.359103713114266
matmul,cuda,1024,bayesian,1,True,15,32_64_32_4_4,13.92418082135068
matmul,cuda,1024,bayesian,2,True,15,128_32_16_4_4,25.267581729681314
matmul,cuda,1024,bayesian,3,True,15,32_32_8_4_2,11.763525487747243
matmul,cuda,1024,bayesian,4,True,15,32_32_8_2_4,19.60588202359245
matmul,cuda,1024,bayesian,5,True,15,64_64_8_4_2,0.0
matmul,cuda,1024,bayesian,6,True,15,64_64_8_4_2,0.0
matmul,cuda,1024,bayesian,7,True,15,32_32_16_2_2,28.22846459777103
matmul,cuda,1024,bayesian,8,True,15,64_64_16_4_4,9.382816432379618
matmul,cuda,1024,bayesian,9,True,15,64_64_32_2_4,26.768029317889358
matmul,cuda,1024,random,0,True,15,32_64_8_4_2,0.13004233106584498
matmul,cuda,1024,random,1,True,15,64_32_8_4_2,9.012700251355552
matmul,cuda,1024,random,2,True,15,64_64_16_4_4,9.382816432379618
matmul,cuda,1024,random,3,True,15,32_32_32_2_2,34.44033121434235
matmul,cuda,1024,random,4,True,15,32_128_16_4_4,10.993295539480037
matmul,cuda,1024,random,5,True,15,32_128_16_4_4,10.993295539480037
matmul,cuda,1024,random,6,True,15,64_64_8_4_2,0.0
matmul,cuda,1024,random,7,True,15,64_64_16_4_4,9.382816432379618
matmul,cuda,1024,random,8,True,15,64_32_8_4_2,9.012700251355552
matmul,cuda,1024,random,9,True,15,64_64_8_4_2,0.0
matmul,sycl,2048,bayesian,0,True,15,64_32_32_4_2,2.0288697284820376
matmul,sycl,2048,bayesian,1,True,15,128_64_32_4_4,10.827161080381442
matmul,sycl,2048,bayesian,2,True,15,128_32_16_4_4,2.2824852577684176
matmul,sycl,2048,bayesian,3,True,15,64_64_8_4_4,4.974636175995987
matmul,sycl,2048,bayesian,4,True,15,64_64_8_4_4,4.974636175995987
matmul,sycl,2048,bayesian,5,True,15,64_32_32_4_2,2.0288697284820376
matmul,sycl,2048,bayesian,6,True,15,64_64_8_4_2,5.462354154946025
matmul,sycl,2048,bayesian,7,True,15,32_32_16_4_2,0.25360644498487966
matmul,sycl,2048,bayesian,8,True,15,64_32_32_4_4,0.0
matmul,sycl,2048,bayesian,9,True,15,32_32_16_4_2,0.25360644498487966
matmul,sycl,2048,random,0,True,15,32_64_8_4_2,1.5411608338334999
matmul,sycl,2048,random,1,True,15,128_32_16_4_4,2.2824852577684176
matmul,sycl,2048,random,2,True,15,32_32_8_4_2,4.174799766097405
matmul,sycl,2048,random,3,True,15,128_64_32_4_4,10.827161080381442
matmul,sycl,2048,random,4,True,15,32_32_16_4_2,0.25360644498487966
matmul,sycl,2048,random,5,True,15,32_32_16_4_2,0.25360644498487966
matmul,sycl,2048,random,6,True,15,128_32_16_4_4,2.2824852577684176
matmul,sycl,2048,random,7,True,15,64_32_32_4_4,0.0
matmul,sycl,2048,random,8,True,15,32_32_16_4_2,0.25360644498487966
matmul,sycl,2048,random,9,True,15,64_64_32_4_4,3.609056721560981
matmul,cuda,2048,bayesian,0,True,15,64_32_8_2_2,41.271483689337735
matmul,cuda,2048,bayesian,1,True,15,32_32_32_2_2,43.35161912274626
matmul,cuda,2048,bayesian,2,True,15,64_32_16_2_2,41.99778315416792
matmul,cuda,2048,bayesian,3,True,15,64_64_8_2_4,13.062771424085144
matmul,cuda,2048,bayesian,4,True,15,32_32_16_2_2,32.20944993083536
matmul,cuda,2048,bayesian,5,True,15,64_64_8_4_2,0.0
matmul,cuda,2048,bayesian,6,True,15,64_64_8_4_2,0.0
matmul,cuda,2048,bayesian,7,True,15,64_128_8_4_4,21.532227416095353
matmul,cuda,2048,bayesian,8,True,15,64_64_8_4_2,0.0
matmul,cuda,2048,bayesian,9,True,15,32_64_8_2_4,25.890024205076468
matmul,cuda,2048,random,0,True,15,32_32_8_4_1,38.02592493765899
matmul,cuda,2048,random,1,True,15,64_64_8_2_4,13.062771424085144
matmul,cuda,2048,random,2,True,15,64_64_8_2_4,13.062771424085144
matmul,cuda,2048,random,3,True,15,64_128_8_4_4,21.532227416095353
matmul,cuda,2048,random,4,True,15,32_64_16_2_4,42.322951486487845
matmul,cuda,2048,random,5,True,15,32_32_8_4_1,38.02592493765899
matmul,cuda,2048,random,6,True,15,64_64_8_4_2,0.0
matmul,cuda,2048,random,7,True,15,64_64_16_2_4,35.65557990918653
matmul,cuda,2048,random,8,True,15,64_32_8_4_2,18.596633115863874
matmul,cuda,2048,random,9,True,15,64_64_8_4_2,0.0
matmul,sycl,4096,bayesian,0,True,15,64_32_16_4_4,3.209402599830983
matmul,sycl,4096,bayesian,1,True,15,128_64_32_4_4,5.2712587178168695
matmul,sycl,4096,bayesian,2,True,15,32_64_16_4_2,1.9079144126868053
matmul,sycl,4096,bayesian,3,True,15,32_32_32_4_2,0.0
matmul,sycl,4096,bayesian,4,True,15,128_32_32_4_4,14.61491287353042
matmul,sycl,4096,bayesian,5,True,15,128_32_32_4_2,4.958709353854955
matmul,sycl,4096,bayesian,6,True,15,64_32_16_4_2,3.4286502743702223
matmul,sycl,4096,bayesian,7,True,15,32_64_16_4_2,1.9079144126868053
matmul,sycl,4096,bayesian,8,True,15,64_64_8_4_2,14.652231811514252
matmul,sycl,4096,bayesian,9,True,15,32_32_16_4_2,3.2653766623436367
matmul,sycl,4096,random,0,True,15,32_64_16_4_2,1.9079144126868053
matmul,sycl,4096,random,1,True,15,32_32_32_4_2,0.0
matmul,sycl,4096,random,2,True,15,64_32_16_4_2,3.4286502743702223
matmul,sycl,4096,random,3,True,15,32_64_32_4_2,0.0
matmul,sycl,4096,random,4,True,15,32_32_16_4_2,3.2653766623436367
matmul,sycl,4096,random,5,True,15,64_64_32_4_2,0.09795895386023792
matmul,sycl,4096,random,6,True,15,32_32_32_4_2,0.0
matmul,sycl,4096,random,7,True,15,64_32_32_4_4,6.736011828061443
matmul,sycl,4096,random,8,True,15,32_32_32_4_2,0.0
matmul,sycl,4096,random,9,True,15,32_32_32_4_4,6.633386920837453
matmul,cuda,4096,bayesian,0,True,15,128_64_8_4_4,17.673431173413174
matmul,cuda,4096,bayesian,1,True,15,32_32_32_2_2,61.89916418738881
matmul,cuda,4096,bayesian,2,True,15,64_32_16_4_2,36.50975175077423
matmul,cuda,4096,bayesian,3,True,15,64_64_8_2_4,0.0
matmul,cuda,4096,bayesian,4,True,15,64_64_16_4_2,45.08422753715408
matmul,cuda,4096,bayesian,5,True,15,64_64_8_4_2,13.690299543849093
matmul,cuda,4096,bayesian,6,True,15,64_64_8_4_2,13.690299543849093
matmul,cuda,4096,bayesian,7,True,15,64_64_8_4_4,6.837181675097683
matmul,cuda,4096,bayesian,8,True,15,64_64_8_4_2,13.690299543849093
matmul,cuda,4096,bayesian,9,True,15,64_64_32_2_4,34.50565089730504
matmul,cuda,4096,random,0,True,15,64_64_32_2_4,34.50565089730504
matmul,cuda,4096,random,1,True,15,64_64_8_2_4,0.0
matmul,cuda,4096,random,2,True,15,64_64_8_2_4,0.0
matmul,cuda,4096,random,3,True,15,32_64_8_4_4,15.601737316747922
matmul,cuda,4096,random,4,True,15,128_32_16_4_2,38.372000107750395
matmul,cuda,4096,random,5,True,15,64_64_32_4_2,26.312285560291894
matmul,cuda,4096,random,6,True,15,64_64_8_4_2,13.690299543849093
matmul,cuda,4096,random,7,True,15,32_64_8_4_4,15.601737316747922
matmul,cuda,4096,random,8,True,15,32_64_8_4_4,15.601737316747922
matmul,cuda,4096,random,9,True,15,64_64_8_4_2,13.690299543849093
stencil,sycl,1024,bayesian,0,True,15,32_64_8_4_1,12.374323088921503
stencil,sycl,1024,bayesian,1,True,15,16_128_0_4_2,8.879205010911187
stencil,sycl,1024,bayesian,2,True,15,16_32_8_2_1,11.89915571628513
stencil,sycl,1024,bayesian,3,True,15,32_32_2_2_1,7.329655894218728
stencil,sycl,1024,bayesian,4,True,15,32_64_8_4_1,12.374323088921503
stencil,sycl,1024,bayesian,5,True,15,32_64_8_4_1,12.374323088921503
stencil,sycl,1024,bayesian,6,True,15,16_64_0_2_2,16.654158009378165
stencil,sycl,1024,bayesian,7,True,15,16_64_0_2_2,16.654158009378165
stencil,sycl,1024,bayesian,8,True,15,16_64_0_4_2,12.887812395032563
stencil,sycl,1024,bayesian,9,True,15,32_32_0_4_1,0.0
stencil,sycl,1024,random,0,True,15,16_32_1_1_2,13.140595330078767
stencil,sycl,1024,random,1,True,15,16_64_8_2_1,2.9811005428313457
stencil,sycl,1024,random,2,True,15,16_64_1_4_1,15.06038960728846
stencil,sycl,1024,random,3,True,15,16_128_0_4_2,8.879205010911187
stencil,sycl,1024,random,4,True,15,32_32_0_2_1,4.751847390714833
stencil,sycl,1024,random,5,True,15,32_32_0_2_1,4.751847390714833
stencil,sycl,1024,random,6,True,15,32_32_0_2_1,4.751847390714833
stencil,sycl,1024,random,7,True,15,16_128_0_4_2,8.879205010911187
stencil,sycl,1024,random,8,True,15,32_32_2_2_1,7.329655894218728
stencil,sycl,1024,random,9,True,15,16_128_8_4_1,3.200351786087199
stencil,cuda,1024,bayesian,0,True,15,32_64_8_4_1,8.761113220548735
stencil,cuda,1024,bayesian,1,True,15,16_128_8_4_1,11.302938680992092
stencil,cuda,1024,bayesian,2,True,15,16_64_0_2_2,28.479751742629862
stencil,cuda,1024,bayesian,3,True,15,16_64_1_4_1,0.9695444083496229
stencil,cuda,1024,bayesian,4,True,15,32_64_8_4_1,8.761113220548735
stencil,cuda,1024,bayesian,5,True,15,32_64_8_4_1,8.761113220548735
stencil,cuda,1024,bayesian,6,True,15,16_64_0_2_2,28.479751742629862
stencil,cuda,1024,bayesian,7,True,15,16_64_2_4_1,10.178617802716019
stencil,cuda,1024,bayesian,8,True,15,16_64_2_4_1,10.178617802716019
stencil,cuda,1024,bayesian,9,True,15,16_64_0_2_2,28.479751742629862
stencil,cuda,1024,random,0,True,15,16_64_0_2_2,28.479751742629862
stencil,cuda,1024,random,1,True,15,16_32_8_4_1,5.106929736976566
stencil,cuda,1024,random,2,True,15,16_64_1_4_1,0.9695444083496229
stencil,cuda,1024,random,3,True,15,16_32_2_2_1,15.398163382975433
stencil,cuda,1024,random,4,True,15,16_64_0_2_2,28.479751742629862
stencil,cuda,1024,random,5,True,15,16_64_0_2_2,28.479751742629862
stencil,cuda,1024,random,6,True,15,16_128_0_4_1,12.44046932643313
stencil,cuda,1024,random,7,True,15,16_32_8_4_1,5.106929736976566
stencil,cuda,1024,random,8,True,15,16_32_1_2_1,22.169233149109115
stencil,cuda,1024,random,9,True,15,32_64_2_4_1,10.257267012614436
stencil,sycl,2048,bayesian,0,True,15,16_32_8_4_2,7.198998760547762
stencil,sycl,2048,bayesian,1,True,15,16_128_0_4_2,1.475366580559201
stencil,sycl,2048,bayesian,2,True,15,64_32_0_4_2,4.912708206699475
stencil,sycl,2048,bayesian,3,True,15,64_32_0_4_2,4.912708206699475
stencil,sycl,2048,bayesian,4,True,15,16_64_8_4_1,5.167237814721459
stencil,sycl,2048,bayesian,5,True,15,16_128_8_4_2,0.0
stencil,sycl,2048,bayesian,6,True,15,32_64_1_4_2,4.018271709164646
stencil,sycl,2048,bayesian,7,True,15,64_32_2_4_2,14.68644163921935
stencil,sycl,2048,bayesian,8,True,15,16_64_0_2_2,14.839071166532483
stencil,sycl,2048,bayesian,9,True,15,32_32_1_4_1,10.002467803630575
stencil,sycl,2048,random,0,True,15,16_64_0_2_2,14.839071166532483
stencil,sycl,2048,random,1,True,15,32_64_2_2_2,13.200571949782617
stencil,sycl,2048,random,2,True,15,64_32_0_4_2,4.912708206699475
stencil,sycl,2048,random,3,True,15,16_128_0_4_2,1.475366580559201
stencil,sycl,2048,random,4,True,15,32_32_1_4_1,10.002467803630575
stencil,sycl,2048,random,5,True,15,32_64_1_4_2,4.018271709164646
stencil,sycl,2048,random,6,True,15,32_64_2_4_2,4.019943952109239
stencil,sycl,2048,random,7,True,15,16_128_0_4_2,1.475366580559201
stencil,sycl,2048,random,8,True,15,16_128_8_4_2,0.0
stencil,sycl,2048,random,9,True,15,32_64_0_4_2,5.4368104933173615
stencil,cuda,2048,bayesian,0,True,15,32_64_1_4_1,4.139401136437596
stencil,cuda,2048,bayesian,1,True,15,16_128_8_4_1,8.286896439890262
stencil,cuda,2048,bayesian,2,True,15,64_32_8_2_2,18.960303557462243
stencil,cuda,2048,bayesian,3,True,15,32_64_1_2_2,52.496988473464924
stencil,cuda,2048,bayesian,4,True,15,32_64_0_2_2,17.188687581148507
stencil,cuda,2048,bayesian,5,True,15,16_64_0_4_1,7.24516197710578
stencil,cuda,2048,bayesian,6,True,15,32_64_8_2_2,37.11114904629477
stencil,cuda,2048,bayesian,7,True,15,16_64_2_4_1,0.0
stencil,cuda,2048,bayesian,8,True,15,16_64_2_4_1,0.0
stencil,cuda,2048,bayesian,9,True,15,32_32_1_4_1,9.862101317460125
stencil,cuda,2048,random,0,True,15,32_64_0_2_2,17.188687581148507
stencil,cuda,2048,random,1,True,15,16_64_2_4_1,0.0
stencil,cuda,2048,random,2,True,15,16_64_1_4_1,3.560585460614638
stencil,cuda,2048,random,3,True,15,16_128_0_4_2,40.26387536030764
stencil,cuda,2048,random,4,True,15,64_64_0_4_2,3.127513052706127
stencil,cuda,2048,random,5,True,15,32_128_1_4_2,12.195179461609655
stencil,cuda,2048,random,6,True,15,16_128_0_4_1,3.1388476443354065
stencil,cuda,2048,random,7,True,15,16_32_8_4_1,7.9736576920234254
stencil,cuda,2048,random,8,True,15,16_128_8_4_2,21.177250399054845
stencil,cuda,2048,random,9,True,15,16_128_8_4_1,8.286896439890262
stencil,sycl,4096,bayesian,0,True,15,32_64_2_4_2,6.461916935902794
stencil,sycl,4096,bayesian,1,True,15,16_128_8_4_1,3.948567745100499
stencil,sycl,4096,bayesian,2,True,15,32_32_2_4_2,0.17357121602504624
stencil,sycl,4096,bayesian,3,True,15,16_32_2_4_2,2.18893644174909
stencil,sycl,4096,bayesian,4,True,15,32_128_8_4_2,6.79772451284362
stencil,sycl,4096,bayesian,5,True,15,16_64_1_4_2,5.032975532405841
stencil,sycl,4096,bayesian,6,True,15,16_32_8_4_2,3.5378841543823256
stencil,sycl,4096,bayesian,7,True,15,16_32_8_2_2,8.570609800211685
stencil,sycl,4096,bayesian,8,True,15,64_32_1_4_1,6.017688571157551
stencil,sycl,4096,bayesian,9,True,15,16_64_1_4_2,5.032975532405841
stencil,sycl,4096,random,0,True,15,16_128_1_4_2,6.002685381105516
stencil,sycl,4096,random,1,True,15,16_32_2_4_2,2.18893644174909
stencil,sycl,4096,random,2,True,15,16_64_8_4_2,4.839373408409923
stencil,sycl,4096,random,3,True,15,32_32_2_4_2,0.17357121602504624
stencil,sycl,4096,random,4,True,15,64_32_1_4_1,6.017688571157551
stencil,sycl,4096,random,5,True,15,16_64_8_4_2,4.839373408409923
stencil,sycl,4096,random,6,True,15,16_32_8_4_2,3.5378841543823256
stencil,sycl,4096,random,7,True,15,16_64_2_4_2,5.217361839461069
stencil,sycl,4096,random,8,True,15,16_64_0_2_2,8.976435595883029
stencil,sycl,4096,random,9,True,15,16_128_8_4_1,3.948567745100499
stencil,cuda,4096,bayesian,0,True,15,32_64_8_4_1,2.4543420458880543
stencil,cuda,4096,bayesian,1,True,15,16_32_1_4_1,9.588322088232433
stencil,cuda,4096,bayesian,2,True,15,16_64_2_2_2,11.783849341456461
stencil,cuda,4096,bayesian,3,True,15,32_64_1_2_2,13.041540022499397
stencil,cuda,4096,bayesian,4,True,15,32_64_8_4_1,2.4543420458880543
stencil,cuda,4096,bayesian,5,True,15,32_64_8_4_1,2.4543420458880543
stencil,cuda,4096,bayesian,6,True,15,32_64_8_2_2,12.667984556813922
stencil,cuda,4096,bayesian,7,True,15,32_128_8_4_2,8.674246527358235
stencil,cuda,4096,bayesian,8,True,15,32_128_8_4_2,8.674246527358235
stencil,cuda,4096,bayesian,9,True,15,32_32_0_4_1,8.757814666196104
stencil,cuda,4096,random,0,True,15,32_64_0_2_2,12.678835173432393
stencil,cuda,4096,random,1,True,15,16_64_0_2_2,14.674735602044011
stencil,cuda,4096,random,2,True,15,16_64_1_4_1,4.709725468978056
stencil,cuda,4096,random,3,True,15,32_128_2_4_2,8.72151107771328
stencil,cuda,4096,random,4,True,15,16_128_2_2_2,8.93337396490788
stencil,cuda,4096,random,5,True,15,16_64_0_2_2,14.674735602044011
stencil,cuda,4096,random,6,True,15,16_128_0_4_1,1.5137345817795342
stencil,cuda,4096,random,7,True,15,16_128_2_4_1,0.0
stencil,cuda,4096,random,8,True,15,16_128_8_4_2,11.899037525784774
stencil,cuda,4096,random,9,True,15,16_128_8_4_1,0.5086425774395328
