kernel,size,source_backend,target_backend,transferred_config,source_optimum_ms,target_transferred_ms,target_optimum_ms,target_regret_ms,target_regret_pct,target_over_source_time_ratio
matmul,1024,sycl,cuda,32_128_16_4_2,2.9112319946289062,0.5376960039138794,0.31990399956703186,0.21779200434684753,68.08042557817787,0.18469706464682467
matmul,1024,cuda,sycl,64_64_8_4_2,0.31990399956703186,3.1744000911712646,2.9112319946289062,0.2631680965423584,9.039750079275443,9.922977191493692
matmul,2048,sycl,cuda,64_32_32_4_4,5.249023914337158,4.09225606918335,2.106015920639038,1.9862401485443115,94.31268439516913,0.7796222947290793
matmul,2048,cuda,sycl,64_64_8_4_2,2.106015920639038,5.5357441902160645,5.249023914337158,0.28672027587890625,5.462354154946025,2.6285386240272715
matmul,4096,sycl,cuda,32_32_32_4_2,21.951488494873047,42.0283203125,16.851871490478516,25.176448822021484,149.3985331910847,1.9146000200540416
matmul,4096,cuda,sycl,64_64_8_2_4,16.851871490478516,29.55673599243164,21.951488494873047,7.605247497558594,34.64570295237548,1.7539141577914066
stencil,1024,sycl,cuda,32_32_0_4_1,13.17955207824707,7.006944179534912,5.086112022399902,1.9208321571350098,37.76621805959866,0.5316526796915895
stencil,1024,cuda,sycl,32_32_2_4_1,5.086112022399902,16.062143325805664,13.17955207824707,2.8825912475585938,21.87169359356551,3.158039629301495
stencil,2048,sycl,cuda,16_128_8_4_2,26.803936004638672,16.76166343688965,13.832351684570312,2.929311752319336,21.17725039905485,0.625343361288017
stencil,2048,cuda,sycl,16_64_2_4_1,13.832351684570312,33.69246292114258,26.803936004638672,6.888526916503906,25.699684237836507,2.4357725778998076
stencil,4096,sycl,cuda,16_64_0_4_2,76.32857513427734,75.48432159423828,62.22700881958008,13.257312774658203,21.304756609941244,0.9889392204878206
stencil,4096,cuda,sycl,16_128_2_4_1,62.22700881958008,82.68838500976562,76.32857513427734,6.359809875488281,8.332148038005549,1.3288182507616735
