kernel,backend,size,M,N,K,algorithm,runs,mean_best_ms,median_best_ms,std_best_ms,ci95_best_ms,best_observed_ms,mean_gflops,median_gflops,std_gflops,ci95_gflops,best_observed_gflops,default_ms
matmul,sycl,1024,1024,1024,1024,bayesian,10,2.922751986980438,2.8682239651679993,0.2485126080743168,0.15402971028158402,2.7356159687042236,738.841780641036,748.8258024270817,53.653834521923294,33.2549911690456,785.0091798583835,nan
matmul,sycl,1024,1024,1024,1024,random,10,2.9492223858833313,2.9411840438842773,0.0822758038917959,0.050995071577406466,2.861567974090576,728.6434025849901,730.1441588494126,19.56382394440537,12.125783707744622,750.4569758411849,nan
matmul,cuda,1024,1024,1024,1024,bayesian,10,0.39037120044231416,0.38782399892807007,0.028557345179687714,0.017700025920306946,0.3499840050935745,5527.102954012943,5537.265846513934,395.55630264394523,245.16833640119108,6135.947976896348,nan
matmul,cuda,1024,1024,1024,1024,random,10,0.3691520020365715,0.37141600251197815,0.025103531867924148,0.015559330251383258,0.3280960023403168,5841.39032072671,5781.935730111971,394.2740588077929,244.37359343775228,6545.290502419862,nan
matmul,sycl,2048,2048,2048,2048,bayesian,10,5.463295960426331,5.4748159646987915,0.4519226227723739,0.2801045435670848,4.8404481410980225,3163.6355555712653,3138.6491547655405,256.47438843286164,158.9644728735308,3549.2311214190313,nan
matmul,sycl,2048,2048,2048,2048,random,10,5.558425641059875,5.782528042793274,0.416407296470764,0.25809191626747924,4.942336082458496,3106.9776364534487,2971.003805767098,240.43062812566677,149.02044721184126,3476.0625132263594,nan
matmul,cuda,2048,2048,2048,2048,bayesian,10,2.565988826751709,2.7442240118980408,0.3630669440525885,0.22503122331932823,2.072783946990967,6827.244739795269,6260.5023462977815,1039.3804946800349,644.2147048733209,8288.306752346181,nan
matmul,cuda,2048,2048,2048,2048,random,10,2.681064009666443,2.7489760518074036,0.34469255129249915,0.2136426566974278,2.01635205745697,6514.9533821225705,6257.031076030495,933.1758221207626,578.3883668391428,8520.272598460462,nan
matmul,sycl,4096,4096,4096,4096,bayesian,10,22.791321563720704,22.62656021118164,0.8363075478810131,0.5183487884360877,21.557759284973145,6037.431672616058,6074.235853188291,215.57770293171302,133.6164445862288,6375.3821375954385,nan
matmul,sycl,4096,4096,4096,4096,random,10,22.49738245010376,22.574592113494873,0.4218279844465945,0.26145169348326674,21.675519943237305,6111.062447892227,6088.228735050453,115.80495641754831,71.77665561673321,6340.745404581657,nan
matmul,cuda,4096,4096,4096,4096,bayesian,10,22.938022232055665,20.952423572540283,4.556240126229105,2.8239868876452627,19.158031463623047,6179.5166314514345,6566.858431671524,1063.1359015345643,658.9384585845615,7173.96010821711,nan
matmul,cuda,4096,4096,4096,4096,random,10,22.419182300567627,22.471799850463867,2.625434231826085,1.6272609958308117,19.156208038330078,6204.022518547564,6124.087752969617,704.1430925900888,436.4324103668644,7174.642977200674,nan
stencil,sycl,1024,1024,1024,512,bayesian,10,14.443801307678223,14.500695943832397,0.7008168641498427,0.4343707926205798,13.352607727050781,222.63015020472864,221.28569900856263,11.060034552374201,6.85508043639001,240.30173832633832,nan
stencil,sycl,1024,1024,1024,512,random,10,13.938003635406494,13.867400169372559,0.4777228890507703,0.29609571428008424,13.314623832702637,230.45064273859268,231.38160626692806,7.834258272664875,4.85572358424894,240.9872699609493,nan
stencil,cuda,1024,1024,1024,512,bayesian,10,4.212203180789947,4.179767847061157,0.45508837595629104,0.282066697719022,3.77457594871521,769.2848252823188,767.897438139872,77.86852690993739,48.26341300319299,850.0702838135134,nan
stencil,cuda,1024,1024,1024,512,random,10,4.536273610591889,4.480664014816284,0.5587758943430446,0.3463328874334369,3.7927839756011963,716.7051372374332,716.3192418503147,85.34093290564218,52.894858222586386,845.9893494175066,nan
stencil,sycl,2048,2048,2048,512,bayesian,10,32.97239036560059,32.93085956573486,0.7658562071846471,0.4746825950767339,31.550640106201172,390.20478770367123,390.5096364887607,9.05269226106025,5.61091679429988,407.5907274373321,nan
stencil,sycl,2048,2048,2048,512,random,10,32.7392557144165,32.61410045623779,0.6895640813808335,0.4273962456018074,31.868864059448242,392.9483463063957,394.3035718411455,8.200220757222503,5.082549482166695,403.5207633385175,nan
stencil,cuda,2048,2048,2048,512,bayesian,10,16.751924657821654,16.606184005737305,1.0459296957676565,0.6482739417624228,14.467183589935303,770.4958773987996,774.3957750126376,50.698693511161,31.423375794453325,888.8909352713557,nan
stencil,cuda,2048,2048,2048,512,random,10,16.842150449752808,16.740903854370117,0.9630320346952103,0.5968934391112599,15.421600341796875,765.8182338457563,768.1689694187389,44.22862168961434,27.41318373258479,833.8789792876726,nan
stencil,sycl,4096,4096,4096,512,bayesian,10,77.55813674926758,77.66929626464844,0.6287880176466227,0.3897268510323532,76.64332580566406,663.9192485631709,662.9324580872866,5.392588452210584,3.342360950609871,671.8039392308685,nan
stencil,sycl,4096,4096,4096,512,random,10,77.88707160949707,77.8935375213623,1.0618581638630074,0.6581465085708749,76.05196762084961,661.1871820492642,661.0240887322474,9.046934385464416,5.6073480260320006,677.0276930729171,nan
stencil,cuda,4096,4096,4096,512,bayesian,10,67.11406860351562,66.72772216796875,2.5992871384049034,1.6110548594276006,64.29671859741211,768.2171001783599,771.8700658317118,29.455095325600023,18.256457225549898,800.8074022314477,nan
stencil,cuda,4096,4096,4096,512,random,10,67.3107810974121,67.10495185852051,2.517309082804098,1.5602443341529089,64.42672348022461,765.9097568330492,767.4986655017967,28.562428768566434,17.7031767613377,799.1914753790688,nan
